<?xml version="1.0" standalone="yes"?>

<project default="all" basedir="..">
    <property name="app-id"         value="pwi"/>        
    <property name="app-dir"        value="${basedir}"/>
    <property name="jbs-dir"        value="D:/GEGDC/AO499858/GE Power/Jboss5.1.1/5.1.1"/>
    <property name="svr-dir"        value="${jbs-dir}/server/default"/>
    <property name="dis-dir"        value="${app-dir}/dist"/>
    <property name="jar-dir"        value="${app-dir}/war"/>
    <property name="jar-src-dir"    value="${jar-dir}/src"/>
    <property name="jar-bld-dir"    value="${app-dir}/client/build"/>
    <property name="jar-cfg-dir"    value="${jar-dir}/conf"/>
    <property name="jar-lib-dir"    value="${jar-dir}/lib"/>
    <property name="batch-id"       value="batch"/>
    <property name="subscription-id"  value="subscription"/>
    <property name="cleanup-id"     value="cleanup"/>

    <property name="ejb-dir"        value="${app-dir}/ejb"/>
    <property name="ejb-src-dir"    value="${ejb-dir}/src"/>
    <property name="ejb-cfg-dir"    value="${ejb-dir}/conf"/>
    <property name="ejb-lib-dir"    value="${ejb-dir}/lib"/>
    <property name="ejb-bld-dir"    value="${ejb-dir}/build"/>

    <property name="war-dir"        value="${app-dir}/war"/>
    <property name="war-src-dir"    value="${war-dir}/src"/>
    <property name="war-cfg-dir"    value="${war-dir}/conf"/>
    <property name="war-bld-dir"    value="${war-dir}/build"/>
    <property name="war-web-dir"    value="${war-dir}/web"/>
    <property name="war-lib-dir"    value="${war-dir}/lib"/>
  
    <property name="ear-dir"        value="${app-dir}/ear"/>
    <property name="ear-cfg-dir"    value="${ear-dir}/conf"/>
    <property name="ear-bld-dir"    value="${ear-dir}/build"/>
    <property name="ear-lib-dir"    value="${ear-dir}/lib"/>

    <path id="classpath">
        <fileset dir="${jbs-dir}/lib"                                   includes="*.jar"/>
        <fileset dir="${jbs-dir}/lib/endorsed"                          includes="*.jar"/>
        <fileset dir="${svr-dir}/lib"                                   includes="*.jar"/>
        <fileset dir="${svr-dir}/deploy/jbossweb.sar/jsf-libs"    includes="*.jar"/>
        <fileset dir="${app-dir}/lib"                                   includes="*.jar"/>
    <fileset dir="${war-dir}/lib"                                   includes="*.jar"/>
    </path>

    <target name="all"              depends="start,jar,ejb,war,ear,finish"/>
    <target name="jar"              depends="jar-compile,jar-package,jar-deploy"/>
    <target name="ejb"              depends="ejb-compile,ejb-package,ejb-deploy"/>
    <target name="war"              depends="war-compile,war-package,war-deploy"/>
    <target name="ear"              depends="ear-compile,ear-package-ejb,ear-package-war,ear-package-jar,ear-deploy"/>

    <target name="start">
    <condition property="do.jar">
            <available file="${jar-cfg-dir}" type="dir"/>
        </condition>
    <condition property="do.ejb">
            <available file="${ejb-cfg-dir}" type="dir"/>
        </condition>
    <condition property="do.war">
            <available file="${war-cfg-dir}" type="dir"/>
        </condition>
    <condition property="do.ear">
            <available file="${ear-cfg-dir}" type="dir"/>
        </condition>
    </target>

    <target name="jar-compile" if="do.jar">
        <delete dir="${jar-bld-dir}"/>
        <mkdir dir="${jar-bld-dir}"/>
    <!-- TODO pH 2013.01:  Recompile with -Xlint:deprecation for details. -->
        
    <copy todir="${jar-bld-dir}" includeEmptyDirs="false">
        <fileset dir="${jar-src-dir}">
            <include name="**/*"/>
    <exclude name="**/*.java"/>
        </fileset>
    </copy>
    <copy todir="${jar-bld-dir}/META-INF" includeEmptyDirs="false">
        <fileset dir="${jar-cfg-dir}">
            <include name="**/*"/>
        </fileset>
    </copy>
    </target>

    <target name="jar-package" if="do.jar">
        <jar jarfile="${jar-bld-dir}/${app-id}.jar" basedir="${jar-bld-dir}"> 
    <manifest>
        <attribute name="Main-Class" value="com.geinfra.geaviation.pwi.batch.BatchExecutionMain"/>
        <attribute name="Class-Path" value="pwi.jar activation.jar aes.jar com.springsource.oracle.xml-10.2.0.2.jar commons-digester-1.8.jar commons-fileupload.jar commons-lang-2.1.jar commons-logging.jar hibernate3.jar idmsjdbc.jar itext-1.4.2.jar javacsv.jar jaxb1-impl.jar jaxb-api.jar jaxb-impl.jar jaxb-libs.jar jaxb-xjc.jar jaxrs-api-1.2.GA.jar jdom.jar jxl.jar log4j.jar mail.jar NetComponents1.3.8a.jar ojdbc6.jar poi-3.6-20091214.jar scannotation-1.0.2.jar servlet-api.jar spring-mock-2.0.8.jar spring.jar stax-api.jar xdb-1.0.jar dom4j-1.6.1.jar geronimo-stax-api_1.0_spec-1.0.jar poi-3.7.jar poi-ooxml-3.7.jar poi-ooxml-schemas-3.7.jar xml-apis-1.0.b2.jar xmlbeans-2.3.0.jar"/>
            </manifest>
    </jar>
        <jar jarfile="${jar-bld-dir}/${batch-id}.jar">
    <manifest>
    <attribute name="Main-Class" value="com.geinfra.geaviation.pwi.batch.BatchExecutionMain"/>
    <attribute name="Class-Path" value="pwi.jar activation.jar aes.jar com.springsource.oracle.xml-10.2.0.2.jar commons-digester-1.8.jar commons-fileupload.jar commons-lang-2.1.jar commons-logging.jar hibernate3.jar idmsjdbc.jar itext-1.4.2.jar javacsv.jar jaxb1-impl.jar jaxb-api.jar jaxb-impl.jar jaxb-libs.jar jaxb-xjc.jar jaxrs-api-1.2.GA.jar jdom.jar jxl.jar log4j.jar mail.jar NetComponents1.3.8a.jar ojdbc6.jar poi-3.6-20091214.jar scannotation-1.0.2.jar servlet-api.jar spring-mock-2.0.8.jar spring.jar stax-api.jar xdb-1.0.jar dom4j-1.6.1.jar geronimo-stax-api_1.0_spec-1.0.jar poi-3.7.jar poi-ooxml-3.7.jar poi-ooxml-schemas-3.7.jar xml-apis-1.0.b2.jar xmlbeans-2.3.0.jar"/>
        </manifest>
        </jar>
        <jar jarfile="${jar-bld-dir}/${subscription-id}.jar">
    <manifest>
    <attribute name="Main-Class" value="com.geinfra.geaviation.pwi.subscription.Scheduler"/>
    <attribute name="Class-Path" value="pwi.jar activation.jar aes.jar com.springsource.oracle.xml-10.2.0.2.jar commons-digester-1.8.jar commons-fileupload.jar commons-lang-2.1.jar commons-logging.jar hibernate3.jar idmsjdbc.jar itext-1.4.2.jar javacsv.jar jaxb1-impl.jar jaxb-api.jar jaxb-impl.jar jaxb-libs.jar jaxb-xjc.jar jaxrs-api-1.2.GA.jar jdom.jar jxl.jar log4j.jar mail.jar NetComponents1.3.8a.jar ojdbc6.jar poi-3.6-20091214.jar scannotation-1.0.2.jar servlet-api.jar spring-mock-2.0.8.jar spring.jar stax-api.jar xdb-1.0.jar dom4j-1.6.1.jar geronimo-stax-api_1.0_spec-1.0.jar poi-3.7.jar poi-ooxml-3.7.jar poi-ooxml-schemas-3.7.jar xml-apis-1.0.b2.jar xmlbeans-2.3.0.jar"/>
        </manifest>
        </jar>
        <jar jarfile="${jar-bld-dir}/${cleanup-id}.jar">
    <manifest>
    <attribute name="Main-Class" value="com.geinfra.geaviation.pwi.cleanupuserfiles.CleanupUserFilesMain"/>
    <attribute name="Class-Path" value="pwi.jar activation.jar aes.jar com.springsource.oracle.xml-10.2.0.2.jar commons-digester-1.8.jar commons-fileupload.jar commons-lang-2.1.jar commons-logging.jar hibernate3.jar idmsjdbc.jar itext-1.4.2.jar javacsv.jar jaxb1-impl.jar jaxb-api.jar jaxb-impl.jar jaxb-libs.jar jaxb-xjc.jar jaxrs-api-1.2.GA.jar jdom.jar jxl.jar log4j.jar mail.jar NetComponents1.3.8a.jar ojdbc6.jar poi-3.6-20091214.jar scannotation-1.0.2.jar servlet-api.jar spring-mock-2.0.8.jar spring.jar stax-api.jar xdb-1.0.jar dom4j-1.6.1.jar geronimo-stax-api_1.0_spec-1.0.jar poi-3.7.jar poi-ooxml-3.7.jar poi-ooxml-schemas-3.7.jar xml-apis-1.0.b2.jar xmlbeans-2.3.0.jar"/>
        </manifest>
        </jar>
    </target>

<target name="jar-deploy" if="do.jar">
        <copy file="${jar-bld-dir}/${app-id}.jar" tofile="${dis-dir}/${app-id}.jar"/> 
        <copy file="${jar-bld-dir}/${batch-id}.jar" tofile="${dis-dir}/${batch-id}.jar"/> 
        <copy file="${jar-bld-dir}/${subscription-id}.jar" tofile="${dis-dir}/${subscription-id}.jar"/> 
        <copy file="${jar-bld-dir}/${cleanup-id}.jar" tofile="${dis-dir}/${cleanup-id}.jar"/> 
    </target>

    <target name="ejb-compile" if="do.ejb">
        <delete dir="${ejb-bld-dir}"/>
        <mkdir dir="${ejb-bld-dir}"/>
        <mkdir dir="${ejb-bld-dir}/META-INF"/>
        <javac destdir="${ejb-bld-dir}" debug="on">
            <src path="${ejb-src-dir}" />
            <classpath refid="classpath" />
        </javac>
    <copy todir="${ejb-bld-dir}" includeEmptyDirs="false">
        <fileset dir="${ejb-src-dir}">
            <include name="**/*"/>
    <exclude name="**/*.java"/>
        </fileset>
    </copy>
    </target>

    <target name="ejb-package" if="do.ejb">
        <copy todir="${ejb-bld-dir}/META-INF">
            <fileset dir="${ejb-cfg-dir}"/>
        </copy>

        <copy todir="${ejb-bld-dir}">
            <fileset dir="${ejb-lib-dir}"/>
        </copy>

        <jar destfile="${ejb-bld-dir}/${app-id}-ejb.jar" basedir="${ejb-bld-dir}"/>
    </target>

    <target name="ejb-deploy" if="do.ejb">
        <copy file="${ejb-bld-dir}/${app-id}-ejb.jar" tofile="${dis-dir}/${app-id}-ejb.jar"/> 
    </target>

    <target name="war-compile" if="do.war">
        <delete dir="${war-bld-dir}"/>
        <mkdir dir="${war-bld-dir}"/>
        <mkdir dir="${war-bld-dir}/WEB-INF/classes"/>
        <mkdir dir="${war-web-dir}/WEB-INF/classes"/>
        
        <javac destdir="${war-web-dir}/WEB-INF/classes">
            <src path="${war-src-dir}"/>
            <classpath refid="classpath"/>
        </javac>
    <copy todir="${war-bld-dir}/WEB-INF/classes" includeEmptyDirs="false">
        <fileset dir="${war-src-dir}">
            <include name="**/*"/>
    <exclude name="**/*.java"/>
        </fileset>
    </copy>
   
    </target>

    <target name="war-package" if="do.war">
        <copy todir="${war-bld-dir}">
            <fileset dir="${war-web-dir}"/>
        </copy>
        <copy todir="${war-bld-dir}/WEB-INF">
            <fileset dir="${war-cfg-dir}"/>
        </copy>
<mkdir dir="${war-bld-dir}/WEB-INF/lib"/>
        
<copy todir="${war-bld-dir}/WEB-INF/lib">
            <fileset dir="${war-lib-dir}"/>
        </copy>

        <jar destfile="${war-bld-dir}/${app-id}.war" basedir="${war-bld-dir}"/>
    </target>

    <target name="war-deploy" if="do.war">
        <copy file="${war-bld-dir}/${app-id}.war" tofile="${dis-dir}/${app-id}.war"/> 
    </target>
    
    <target name="ear-compile" if="do.ear">
        <delete dir="${ear-bld-dir}"/>
        <mkdir dir="${ear-bld-dir}"/>
        <mkdir dir="${ear-bld-dir}/META-INF"/>
    </target>

    <target name="ear-package-war" if="do.war">
        <copy file="${war-bld-dir}/${app-id}.war" tofile="${ear-bld-dir}/${app-id}.war"/> 
    </target>

    <target name="ear-package-ejb" if="do.ejb">
        <copy file="${ejb-bld-dir}/${app-id}-ejb.jar" tofile="${ear-bld-dir}/${app-id}-ejb.jar"/> 
    </target>

    <target name="ear-package-jar" if="do.ear">
        <copy todir="${ear-bld-dir}/META-INF">
            <fileset dir="${ear-cfg-dir}"/>
        </copy>

        <copy todir="${ear-bld-dir}">
            <fileset dir="${ear-lib-dir}"/>
        </copy>

        <jar destfile="${ear-bld-dir}/${app-id}.ear" basedir="${ear-bld-dir}"/>
    </target>

    <target name="ear-deploy" if="do.ear">
        <copy file="${ear-bld-dir}/${app-id}.ear" tofile="${dis-dir}/${app-id}.ear"/> 
        <copy file="${ear-bld-dir}/${app-id}.ear" tofile="${svr-dir}/deploy/${app-id}.ear"/> 
    <antcall target="deploy-war" />
    </target>

    <target name="finish">
        <delete dir="${jar-bld-dir}" failonerror="false"/>
        <delete dir="${ejb-bld-dir}" failonerror="false"/>
        <delete dir="${war-bld-dir}" failonerror="false"/>
        <delete dir="${ear-bld-dir}" failonerror="false"/>
    <delete dir="${jbs-dir}/server/default/tmp/deploy" failonerror="false">
    <include name="**/pwi-exp.war/**"/>
</delete>
    </target>
<target name="deploy-war" description="deploy war file">
  <sequential>
    <antcall target="stop-jboss" />
 
    <war destfile="${dis-dir}/${app-id}.war" webxml="${jar-cfg-dir}/web.xml">
       <classes dir="war" />
    </war>
    <antcall target="start-jboss" />
        <echo>+----------------------------+</echo>
        <echo>|   W A R  D E P L O Y E D   |</echo>
        <echo>+----------------------------+</echo>
  </sequential>
</target>

<!-- Stop Jboss -->
<target name="stop-jboss" description="Stops back-end EJB container" >
    <exec executable="${jbs-dir}/bin/shutdown.bat" spawn="true">
        <arg line="-S" />
    </exec>
    <echo>+-----------------------------+</echo>
    <echo>| J B O S S   S T O P P E D   |</echo>
    <echo>+-----------------------------+</echo>
</target>

<!-- Start Jboss -->
<target name="start-jboss" description="Starts back-end EJB container" >
<echo>${jbs-dir}/bin</echo>
<exec dir="${jbs-dir}/bin" executable="cmd" >  
<arg line="/c run.bat"/>  
</exec> 
<echo>+-----------------------------+</echo>
<echo>| J B O S S   S T A R T E D   |</echo>
<echo>+-----------------------------+</echo>
</target>
</project>
