<beans xmlns="http://www.springframework.org/schema/beans"
	xmlns:xsi="http://www.w3.org/2001/XMLSchema-instance"
    xmlns:aop="http://www.springframework.org/schema/aop"
    xmlns:context="http://www.springframework.org/schema/context"
	xsi:schemaLocation="http://www.springframework.org/schema/beans
              http://www.springframework.org/schema/beans/spring-beans-2.0.xsd
              http://www.springframework.org/schema/aop
              http://www.springframework.org/schema/aop/spring-aop-2.0.xsd
              http://www.springframework.org/schema/context
              http://www.springframework.org/schema/context/spring-context-2.5.xsd">
	<!-- ********************* Add DATASOURCE References *************** -->

	<import resource="/spring-config.xml"/>
	
	<bean id="pwi" class="org.springframework.jndi.JndiObjectFactoryBean"
		lazy-init="true" scope="singleton">
		<property name="jndiName" value="java:/pwi" />
	</bean>
	<bean id="plmrterads" class="org.springframework.jndi.JndiObjectFactoryBean"
		lazy-init="true" scope="singleton">
		<property name="jndiName" value="java:/plmrterads" />
	</bean>
	<bean id="jdbcTemplate" class="org.springframework.jdbc.core.JdbcTemplate" scope="singleton">
		<constructor-arg type="javax.sql.DataSource" ref="pwi" />
	</bean>

	<bean id="jdbcTemplateTr" class="org.springframework.jdbc.core.JdbcTemplate" scope="singleton">
		<constructor-arg type="javax.sql.DataSource" ref="plmrterads" />
	</bean>

	<bean id="transactionTemplate"
		class="org.springframework.transaction.support.TransactionTemplate">
		<property name="transactionManager">
			<ref bean="transactionManager" />
		</property>
	</bean>

	<bean id="transactionManager"
		class="org.springframework.jdbc.datasource.DataSourceTransactionManager">
		<property name="dataSource" ref="pwi" />
	</bean>

	<bean id="transactionManagerTr"
		class="org.springframework.jdbc.datasource.DataSourceTransactionManager">
		<property name="dataSource" ref="plmrterads" />
	</bean>

	<!-- ********************* Add DAO References *************** -->

	<bean id="templateDAO" class="com.geinfra.geaviation.pwi.dao.TemplateDAOImpl"
		scope="singleton">
		<property name="jdbcTemplate">
			<ref bean="jdbcTemplate" />
		</property>
	</bean>

	<bean id="queriesDAO" class="com.geinfra.geaviation.pwi.dao.QueriesDAOImpl"
		scope="singleton">
		<property name="jdbcTemplate">
			<ref bean="jdbcTemplate" />
		</property>
		<property name="transactionTemplate">
			<ref bean="transactionTemplate" />
		</property>
	</bean>

	<bean id="eventDAO" class="com.geinfra.geaviation.pwi.dao.EventDAOImpl"
		scope="singleton">
		<property name="jdbcTemplate">
			<ref bean="jdbcTemplate" />
		</property>
	</bean>

	<bean id="customQueryDAO" class="com.geinfra.geaviation.pwi.dao.CustomQueryDAOImpl"
		scope="singleton">
		<property name="jdbcTemplate">
			<ref bean="jdbcTemplate" />
		</property>
	</bean>

	<bean id="queryGroupDAO" class="com.geinfra.geaviation.pwi.dao.QueryGroupDAOImpl"
		scope="singleton">
		<property name="jdbcTemplate">
			<ref bean="jdbcTemplate" />
		</property>
		<property name="transactionTemplate">
			<ref bean="transactionTemplate" />
		</property>
	</bean>

	<bean id="groupQueryDAO" class="com.geinfra.geaviation.pwi.dao.GroupQueryDAOImpl"
		scope="singleton">
		<property name="jdbcTemplate">
			<ref bean="jdbcTemplate" />
		</property>
	</bean>

    <bean id="groupTypeDAO" class="com.geinfra.geaviation.pwi.dao.GroupTypeDAOImpl"
        scope="singleton">
        <property name="jdbcTemplate">
            <ref bean="jdbcTemplate" />
        </property>
    </bean>

	<bean id="objectTypeDAO" class="com.geinfra.geaviation.pwi.dao.ObjectTypeDAOImpl"
		scope="singleton">
		<property name="jdbcTemplate">
			<ref bean="jdbcTemplate" />
		</property>
	</bean>

	<bean id="queryObjectDAO" class="com.geinfra.geaviation.pwi.dao.QueryObjectDAOImpl"
		scope="singleton">
		<property name="jdbcTemplate">
			<ref bean="jdbcTemplate" />
		</property>
		<property name="defaultQiOptionsDAO">
			<ref bean="defaultQiOptionsDAO" />
		</property>
	</bean>

    <bean id="selectItemDAO" class="com.geinfra.geaviation.pwi.dao.SelectItemDAOImpl">
    </bean>

    <bean id="adminSettingsDAO" class="com.geinfra.geaviation.pwi.dao.AdminSettingsDAOImpl"
        scope="singleton">
        <property name="jdbcTemplate">
            <ref bean="jdbcTemplate" />
        </property>
    </bean>

	<bean id="defaultQiOptionsDAO" class="com.geinfra.geaviation.pwi.dao.DefaultQiOptionsDAOImpl"
		scope="singleton">
		<property name="jdbcTemplate">
			<ref bean="jdbcTemplate" />
		</property>
	</bean>
	
	<!--  Added by CHandana: DAO IMPL class,its DAO nd object called here  -->
	<bean id="roleDAO" class="com.geinfra.geaviation.pwi.dao.RoleDAOImpl"
		scope="singleton">
		<property name="jdbcTemplate">
			<ref bean="jdbcTemplate" />
		</property>		
	</bean>
	
	<!--  Added by Subrajit : DAO IMPL class,its DAO nd object called here  -->
	<bean id="rptTypeRelationDAO" class="com.geinfra.geaviation.pwi.dao.RptTypeRelationDAOImpl"
		scope="singleton">
		<property name="jdbcTemplate">
			<ref bean="jdbcTemplate" />
		</property>	
		<property name="jdbcTemplateTr">
			<ref bean="jdbcTemplateTr" />
		</property>		
	</bean>
	<!--  Added by Karunesh : Tableau Service Impl  -->
	<bean id="tableauReportsServiceIfc" class="com.geinfra.geaviation.pwi.service.PWiTableauReportsServiceImpl"
		scope="singleton">
		<property name="tableauReportsDAOIfc">
			<ref bean="tableauReportsDAOIfc" />
		</property>		
	</bean>
	
	<bean id="tableauReportsDAOIfc" class="com.geinfra.geaviation.pwi.dao.PWiTableauReportsDAOImpl"
		scope="singleton">
		<property name="jdbcTemplate">
			<ref bean="jdbcTemplate" />
		</property>	
	</bean>
	
	<!-- Sunita -->
	<bean id="userDAO" class="com.geinfra.geaviation.pwi.dao.UserDAOImpl"
		scope="singleton">
		<property name="jdbcTemplate">
			<ref bean="jdbcTemplate" />
		</property>
		<property name="personJdbcTemplate" >
			<ref bean="personJdbcTemplate" />
		</property>
		<property name="mailBean" ref="mailBean" />
		<property name="mailSend" ref="mailSender" />
	</bean>
	<!-- ********************* Service References *************** -->

	<bean id="adminSettingsService"
		class="com.geinfra.geaviation.pwi.service.AdminSettingsService">
		<property name="adminSettingsDAO">
			<ref bean="adminSettingsDAO" />
		</property>
	</bean>

	<bean id="customQueryService" class="com.geinfra.geaviation.pwi.service.CustomQueryService">
		<property name="customQueryDAO">
			<ref bean="customQueryDAO" />
		</property>
		<property name="querySubmissionService">
			<ref bean="querySubmissionService" />
		</property>
	</bean>

	<bean id="historyService" class="com.geinfra.geaviation.pwi.service.HistoryService">
		<property name="eventDAO">
			<ref bean="eventDAO" />
		</property>
	</bean>

	<bean id="objectTypeService" class="com.geinfra.geaviation.pwi.service.ObjectTypeService">
		<property name="objectTypeDAO">
			<ref bean="objectTypeDAO" />
		</property>
        <property name="groupTypeDAO">
            <ref bean="groupTypeDAO" />
        </property>
		<property name="queryObjectDAO">
			<ref bean="queryObjectDAO" />
		</property>
        <property name="queryGroupDAO">
            <ref bean="queryGroupDAO" />
        </property>
        <property name="transactionTemplate">
            <ref bean="transactionTemplate" />
        </property>
	</bean>

	<bean id="queryObjectTypeService" class="com.geinfra.geaviation.pwi.service.QueryObjectTypeService">
		<property name="queryObjectDAO">
			<ref bean="queryObjectDAO" />
		</property>
	</bean>

	<bean id="qiService" class="com.geinfra.geaviation.pwi.service.QiService">
		<property name="defaultQiOptionsDAO">
			<ref bean="defaultQiOptionsDAO" />
		</property>
		<property name="queriesDAO">
			<ref bean="queriesDAO" />
		</property>
		<property name="objectTypeService">
			<ref bean="objectTypeService" />
		</property>
	</bean>

	<bean id="qryService" class="com.geinfra.geaviation.pwi.service.QueriesService">
		<property name="queriesDAO">
			<ref bean="queriesDAO" />
		</property>
		<property name="queryObjectDAO">
			<ref bean="queryObjectDAO" />
		</property>
		<property name="groupQueryDAO">
			<ref bean="groupQueryDAO" />
		</property>
		<property name="transactionTemplate">
			<ref bean="transactionTemplate" />
		</property>
	</bean>

	<bean id="queryGroupService" class="com.geinfra.geaviation.pwi.service.QueryGroupService">
		<property name="queryGroupDAO">
			<ref bean="queryGroupDAO" />
		</property>
	</bean>

	<bean id="querySubmissionService"
		class="com.geinfra.geaviation.pwi.service.QuerySubmissionService">
		<property name="eventDAO">
			<ref bean="eventDAO" />
		</property>
		<property name="qryService">
			<ref bean="qryService" />
		</property>
		<property name="adminSettingsService">
			<ref bean="adminSettingsService" />
		</property>
		<property name="templateService">
			<ref bean="templateService" />
		</property>
		<property name="transactionTemplate">
			<ref bean="transactionTemplate" />
		</property>
		<property name="queryingDaoFactory">
			<ref bean="queryingDaoFactory" />
		</property>
		<property name="queryProcessorFactory">
			<ref bean="queryProcessorFactory" />
		</property>
	</bean>

    <bean id="selectItemService" class="com.geinfra.geaviation.pwi.service.SelectItemService">
        <property name="selectItemDAO">
            <ref bean="selectItemDAO" />
        </property>
    </bean>

    <bean id="templateService" class="com.geinfra.geaviation.pwi.service.TemplateService">
        <property name="templateDAO">
            <ref bean="templateDAO" />
        </property>
    </bean>

	<bean id="configService" class="com.geinfra.geaviation.pwi.service.ConfigService">
		<property name="adminSettingsService">
			<ref bean="adminSettingsService" />
		</property>
	</bean>

	<bean id="queryingDaoFactory"
		class="com.geinfra.geaviation.pwi.integration.QueryingDaoFactory">
		<property name="configService">
			<ref bean="configService" />
		</property>
	</bean>

	<bean id="queryProcessorFactory"
		class="com.geinfra.geaviation.pwi.queryprocessing.QueryProcessorFactory">
		<!-- <property name="configService">
			<ref bean="configService" />
		</property> -->
	</bean>
	
		<!--  Added by CHandana: Service class,its DAO nd object called here  -->
	<bean id="roleService" class="com.geinfra.geaviation.pwi.service.RoleService">
		<property name="roleDAO">
			<ref bean="roleDAO" />
		</property>
		<property name="queryGroupDAO">
            <ref bean="queryGroupDAO" />
        </property>
        <property name="transactionTemplate">
            <ref bean="transactionTemplate" />
        </property>
	</bean>
	
	<!--  Added by Sunita: Service class,its DAO nd object called here  -->
	<bean id="userService" class="com.geinfra.geaviation.pwi.service.UserService">
		<property name="userDAO">
			<ref bean="userDAO" />
		</property>
		<property name="roleDAO">
			<ref bean="roleDAO" />
		</property>
		<property name="transactionTemplate">
			<ref bean="transactionTemplate" />
		</property>
	</bean>
	<!-- <bean id="rptTypeRelMetaDataUtil" class="com.geinfra.geaviation.pwi.bean.util.RptTypeRelMetaDataUtil">
		<property name="rptTypeRelationService">
			<ref bean="rptTypeRelationService" />
		</property>
	</bean> -->
	<bean id="rptTypeRelationService" class="com.geinfra.geaviation.pwi.service.RptTypeRelationService">
		<property name="rptTypeRelationDAO">
			<ref bean="rptTypeRelationDAO" />
		</property>
	</bean>
	
    <!-- ********************* Caches ******************************-->
    
    <bean id="queuedOnlineQuerySubmission" scope="session"
        class="com.geinfra.geaviation.pwi.service.vo.QuerySubmission">

    </bean>
	<!-- ********************* Http Request Handlers ***************--> 
	<bean id="quickIntelligenceRequestHandler"
		class="com.geinfra.geaviation.pwi.servlet.QuickIntelligenceRequestHandler">
		<property name="querySubmissionService">
			<ref bean="querySubmissionService" />
		</property>
		<property name="queriesService">
			<ref bean="qryService" />
		</property>
		<property name="objectTypeService">
			<ref bean="objectTypeService" />
		</property>
		<property name="qiService">
			<ref bean="qiService" />
		</property>
	</bean>

	<bean id="adminQiSettingsRequestHandler"
		class="com.geinfra.geaviation.pwi.servlet.AdminQiSettingsRequestHandler">
		<property name="qiService">
			<ref bean="qiService" />
		</property>
	</bean>

	<bean id="downloadQueryResultRequestHandler"
		class="com.geinfra.geaviation.pwi.servlet.DownloadQueryResultRequestHandler">
		<property name="queriesService">
			<ref bean="qryService" />
		</property>
		<property name="querySubmissionService">
			<ref bean="querySubmissionService" />
		</property>
	</bean>

    <bean id="queryResultRequestHandler" scope="session"
        class="com.geinfra.geaviation.pwi.servlet.QueryResultRequestHandler">
        <property name="objectTypeService">
            <ref bean="objectTypeService" />
        </property>
        <property name="querySubmissionService">
            <ref bean="querySubmissionService" />
        </property>
        <property name="querySubmission">
            <ref bean="queuedOnlineQuerySubmission" />
        </property>
        <aop:scoped-proxy proxy-target-class="false"/>
    </bean>

    <bean id="addRemoveFavoriteRequestHandler"
        class="com.geinfra.geaviation.pwi.servlet.AddRemoveFavoriteRequestHandler">
        <property name="querySubmissionService">
            <ref bean="querySubmissionService" />
        </property>
        <property name="queriesService">
            <ref bean="qryService" />
        </property>
        <property name="customQueryService">
            <ref bean="customQueryService" />
        </property>
        <property name="historyService">
            <ref bean="historyService" />
        </property>
    </bean>
    
    
   
</beans>