<?xml version="1.0" encoding="UTF-8"?>
<!DOCTYPE faces-config PUBLIC "-//Sun Microsystems, Inc.//DTD JavaServer Faces Config 1.0//EN" "http://java.sun.com/dtd/web-facesconfig_1_1.dtd">
<faces-config xmlns="http://java.sun.com/JSF/Configuration">
	<application>
		<variable-resolver>
			org.springframework.web.jsf.DelegatingVariableResolver
		</variable-resolver>
	</application>
	
	<!-- Start :  PLM Login -->
	<managed-bean>
		<managed-bean-name>loginMB</managed-bean-name>
		<managed-bean-class>
			com.geinfra.geaviation.pwi.bean.PLMLoginMB
		</managed-bean-class>
		<managed-bean-scope>session</managed-bean-scope>
		<managed-property>
			<property-name>commonSvcObj</property-name>
			<value>#{commonService}</value>
		</managed-property>
		<managed-property>
			<property-name>requestMB</property-name>
			<value>#{requestMB}</value>
		</managed-property>
		<managed-property>
			<property-name>plmWhereUsedMB</property-name>
			<value>#{plmWhereUsedMB}</value>
		</managed-property>
		<managed-property>
			<property-name>commonMB</property-name>
			<value>#{commonMB}</value>
		</managed-property>
		<managed-property>
			<property-name>adminServiceIfc</property-name>
			<value>#{adminServiceIfc}</value>
		</managed-property>
	</managed-bean>
	<!-- End :  PLM Login -->
	
	
	<!-- Start :  PLM Common MB -->
	<managed-bean>
		<managed-bean-name>commonMB</managed-bean-name>
		<managed-bean-class>
			com.geinfra.geaviation.pwi.bean.PLMCommonMB
		</managed-bean-class>
		<managed-bean-scope>session</managed-bean-scope>
		<managed-property>
			<property-name>plmCommonReportService</property-name>
			<value>#{plmCommonReportService}</value>
		</managed-property>	
		<managed-property>
			<property-name>adminServiceIfc</property-name>
			<value>#{adminServiceIfc}</value>
		</managed-property>
	</managed-bean>
	<!-- End :  PLM Common MB -->

	<!-- Start :  PLM Document Search -->
	<managed-bean>
		<managed-bean-name>plmsearchMB</managed-bean-name>
		<managed-bean-class>
			com.geinfra.geaviation.pwi.bean.PLMSearchMB
		</managed-bean-class>
		<managed-bean-scope>session</managed-bean-scope>
		<managed-property>
				<property-name>taskExecutor</property-name>
				<value>#{taskExecutor}</value>
		</managed-property>
		<managed-property>
			<property-name>plmSearchService</property-name>
			<value>#{plmSearchService}</value>
		</managed-property>
		<managed-property>
			<property-name>commonMB</property-name>
			<value>#{commonMB}</value>
		</managed-property>
	</managed-bean>
	<!-- End :  PLM Document Search -->

	<!-- Start :  PLM Drawing Search -->
	<managed-bean>
		<managed-bean-name>plmqueuesearchMB</managed-bean-name>
		<managed-bean-class>
			com.geinfra.geaviation.pwi.bean.PLMDrawingWorkFlowQueueMB
		</managed-bean-class>
		<managed-bean-scope>session</managed-bean-scope>
		<managed-property>
			<property-name>plmSearchService</property-name>
			<value>#{plmSearchService}</value>
		</managed-property>
		<managed-property>
			<property-name>commonMB</property-name>
			<value>#{commonMB}</value>
		</managed-property>
	</managed-bean>
	<!-- End :  PLM Drawing Search -->
	
	<!-- Start :  PLM Eco Search -->
	<managed-bean>
		<managed-bean-name>plmkpiecoSearchMB</managed-bean-name>
		<managed-bean-class>
			com.geinfra.geaviation.pwi.bean.PLMEcoSearchMB
		</managed-bean-class>
		<managed-bean-scope>session</managed-bean-scope>
		<managed-property>
			<property-name>plmKpiReportService</property-name>
			<value>#{plmIssuesService}</value>
		</managed-property>
		<managed-property>
			<property-name>commonMB</property-name>
			<value>#{commonMB}</value>
		</managed-property>
	</managed-bean>
	<!-- End :  PLM Eco Search -->

	<!-- Start :  PLM Ecr Search -->
	<managed-bean>
		<managed-bean-name>plmEcrSearchMB</managed-bean-name>
		<managed-bean-class>
			com.geinfra.geaviation.pwi.bean.PLMEcrSearchMB
		</managed-bean-class>
		<managed-bean-scope>session</managed-bean-scope>
		<managed-property>
			<property-name>plmKpiReportService</property-name>
			<value>#{plmIssuesService}</value>
		</managed-property>
		<managed-property>
			<property-name>commonMB</property-name>
			<value>#{commonMB}</value>
		</managed-property>
	</managed-bean>
	<!-- End :  PLM Ecr Search -->

	<!-- Start :  PLM Issue Search -->
	<managed-bean>
		<managed-bean-name>plmisssuesreportMB</managed-bean-name>
		<managed-bean-class>
			com.geinfra.geaviation.pwi.bean.PLMIssuesReportMB
		</managed-bean-class>
		<managed-bean-scope>session</managed-bean-scope>
		<managed-property>
			<property-name>plmIssuesService</property-name>
			<value>#{plmIssuesService}</value>
		</managed-property>
		<managed-property>
			<property-name>commonMB</property-name>
			<value>#{commonMB}</value>
		</managed-property>
	</managed-bean>
	<!-- End :  PLM Issue Search -->

	<!-- Start :  PLM Project/Route Task Search -->
	<managed-bean>
		<managed-bean-name>plmProjectTaskMB</managed-bean-name>
		<managed-bean-class>com.geinfra.geaviation.pwi.bean.PLMProjectTaskMB</managed-bean-class>
		<managed-bean-scope>session</managed-bean-scope>
		<managed-property>
			<property-name>taskMetricsService</property-name>
			<value>#{taskMetricsService}</value>
		</managed-property>
		<managed-property>
     		<property-name>plmTaskSearchMB</property-name>
     		<value>#{plmTaskSearchMB}</value>
   		</managed-property>
		<managed-property>
			<property-name>commonMB</property-name>
			<value>#{commonMB}</value>
		</managed-property>
		<managed-property>
			<property-name>plmMetricsService</property-name>
			<value>#{plmMetricsService}</value>
		</managed-property>
			<managed-property>
			<property-name>prjChngDtlData</property-name>
			<value>#{prjChngDtlData}</value>
		</managed-property>
		<managed-property>
				<property-name>taskExecutor</property-name>
				<value>#{taskExecutor}</value>
		</managed-property>
	</managed-bean>
	<!-- End :  PLM Project/Route Task Search -->

	<!-- Start :  PLM Task Search -->
	<managed-bean>
		<managed-bean-name>plmTaskSearchMB</managed-bean-name>
		<managed-bean-class>
			com.geinfra.geaviation.pwi.bean.PLMTaskSearchMB
		</managed-bean-class>
		<managed-bean-scope>session</managed-bean-scope>
		<managed-property>
			<property-name>plmIssuesService</property-name>
			<value>#{plmIssuesService}</value>
		</managed-property>
		<managed-property>
			<property-name>commonMB</property-name>
			<value>#{commonMB}</value>
		</managed-property>
		<managed-property>
				<property-name>taskExecutor</property-name>
				<value>#{taskExecutor}</value>
		</managed-property>
	</managed-bean>
	<!-- End :  PLM Task Search -->
	

	<!-- Start :  PLM DGT  -->
	<managed-bean>
		<managed-bean-name>plmDocGenFmiMB</managed-bean-name>
		<managed-bean-class>
			com.geinfra.geaviation.pwi.bean.PLMDocGenFmiMB
		</managed-bean-class>
		<managed-bean-scope>session</managed-bean-scope>
		<managed-property>
			<property-name>plmDocGenService</property-name>
			<value>#{plmDocGenService}</value>
		</managed-property>
		<managed-property>
			<property-name>commonMB</property-name>
			<value>#{commonMB}</value>
		</managed-property>
   		<managed-property>
				<property-name>taskExecutor</property-name>
				<value>#{taskExecutor}</value>
		</managed-property>
	</managed-bean>
	<!-- End :  PLM DGT  -->

	<!-- Start :  PLM Bom Health  -->
	<managed-bean>
		<managed-bean-name>plmBomHealthMB</managed-bean-name>
		<managed-bean-class>
			com.geinfra.geaviation.pwi.bean.PLMBomHealthMB
		</managed-bean-class>
		<managed-bean-scope>session</managed-bean-scope>
		<managed-property>
			<property-name>plmMetricsService</property-name>
			<value>#{plmMetricsService}</value>
		</managed-property>
		<managed-property>
			<property-name>commonMB</property-name>
			<value>#{commonMB}</value>
		</managed-property>
	</managed-bean>
	<!-- End :  PLM Bom Health  -->

	<!-- Start :  PLM Trend -->
	<managed-bean>
		<managed-bean-name>plmtrendreportMB</managed-bean-name>
		<managed-bean-class>com.geinfra.geaviation.pwi.bean.PLMTrendReportMB</managed-bean-class>
		<managed-bean-scope>session</managed-bean-scope>
		<managed-property>
			<property-name>plmTrendsObj</property-name>
			<value>#{plmTrendsObj}</value>
		</managed-property>
		<managed-property>
			<property-name>trendReportService</property-name>
			<value>#{trendReportService}</value>
		</managed-property>
		<managed-property>
			<property-name>commonMB</property-name>
			<value>#{commonMB}</value>
		</managed-property>
	</managed-bean>
	<!-- End :  PLM Trend -->
	
	<!-- Start :  PLM Eco Volume and Eco Category -->
	<managed-bean>
		<managed-bean-name>plmEcoMetricsMB</managed-bean-name>
		<managed-bean-class>com.geinfra.geaviation.pwi.bean.PLMEcoMetricsMB</managed-bean-class>
		<managed-bean-scope>session</managed-bean-scope>
		<managed-property>
     		<property-name>plmkpiecoSearchMB</property-name>
     		<value>#{plmkpiecoSearchMB}</value>
   		</managed-property>
		<managed-property>
			<property-name>ecoMetricService</property-name>
			<value>#{ecoMetricService}</value>
		</managed-property>
		<managed-property>
			<property-name>commonMB</property-name>
			<value>#{commonMB}</value>
		</managed-property>
	</managed-bean>
	<!-- End :  PLM Eco Volume and Eco Category -->
	
	<!-- Start :  PLM PercentPartReuse -->
	<managed-bean>
		<managed-bean-name>plmPercentReuseMB</managed-bean-name>
		<managed-bean-class>com.geinfra.geaviation.pwi.bean.PLMPercentPartMB</managed-bean-class>
		<managed-bean-scope>session</managed-bean-scope>
		<managed-property>
			<property-name>plmPercentPartData</property-name>
			<value>#{plmPercentPartData}</value>
		</managed-property>
		<managed-property>
				<property-name>taskExecutor</property-name>
				<value>#{taskExecutor}</value>
		</managed-property>
		<managed-property>
			<property-name>plmMetricsService</property-name>
			<value>#{plmMetricsService}</value>
		</managed-property>
		<managed-property>
			<property-name>commonMB</property-name>
			<value>#{commonMB}</value>
		</managed-property>
	</managed-bean>
	<!-- End :  PLM PercentPartReuse -->
	
	<!-- Start :  PLM Task Volume -->
	<managed-bean>
		<managed-bean-name>plmTaskMetricsMB</managed-bean-name>
		<managed-bean-class>com.geinfra.geaviation.pwi.bean.PLMTaskMetricsMB</managed-bean-class>
		<managed-bean-scope>session</managed-bean-scope>
		<managed-property>
			<property-name>taskMetricsService</property-name>
			<value>#{taskMetricsService}</value>
		</managed-property>
		<managed-property>
     		<property-name>plmTaskSearchMB</property-name>
     		<value>#{plmTaskSearchMB}</value>
   		</managed-property>
		<managed-property>
			<property-name>commonMB</property-name>
			<value>#{commonMB}</value>
		</managed-property>
	</managed-bean>
	<!-- End :  PLM Task Volume -->
	
	<!-- Start :  PLM Where Used -->
	<managed-bean>
		<managed-bean-name>plmWhereUsedMB</managed-bean-name>
		<managed-bean-class>com.geinfra.geaviation.pwi.bean.PLMWhereUsedMB</managed-bean-class>
		<managed-bean-scope>session</managed-bean-scope>
		<managed-property>
			<property-name>plmWhereUsedData</property-name>
			<value>#{plmWhereUsedData}</value>
		</managed-property>
		<managed-property>
			<property-name>commonMB</property-name>
			<value>#{commonMB}</value>
		</managed-property>
		<managed-property>
			<property-name>plmWhereUsedReqData</property-name>
			<value>#{plmWhereUsedReqData}</value>
		</managed-property>
		<managed-property>
				<property-name>taskExecutor</property-name>
				<value>#{taskExecutor}</value>
			</managed-property>
		<managed-property>
			<property-name>plmWhereUsedService</property-name>
			<value>#{plmWhereUsedService}</value>
		</managed-property>
	</managed-bean>
	
	<managed-bean>
		<managed-bean-name>plmWhereUsedEMBOM</managed-bean-name>
		<managed-bean-class>
			com.geinfra.geaviation.pwi.bean.PLMWhereUsedEMBOMMB
		</managed-bean-class>
		<managed-bean-scope>session</managed-bean-scope>
		<managed-property>
				<property-name>plmWhereUsedData</property-name>
				<value>#{plmWhereUsedData}</value>
			</managed-property>
			<managed-property>
				<property-name>plmWhereUsedService</property-name>
				<value>#{plmWhereUsedService}</value>
			</managed-property>
			<managed-property>
				<property-name>taskExecutor</property-name>
				<value>#{taskExecutor}</value>
			</managed-property>
			<managed-property>
				<property-name>commonMB</property-name>
				<value>#{commonMB}</value>
			</managed-property>
		</managed-bean>
		
		<!-- Added for CMU Similar to Project Search -->
		<managed-bean>
		<managed-bean-name>cmuSimilarToPrjSrchMB</managed-bean-name>
		<managed-bean-class>
			com.geinfra.geaviation.pwi.bean.PLMCMUSmlrToPrjSrchMB
		</managed-bean-class>
		<managed-bean-scope>session</managed-bean-scope>
		<managed-property>
				<property-name>cmuSmlrToPrjSrchData</property-name>
				<value>#{cmuSmlrToPrjSrchData}</value>
			</managed-property>
			<managed-property>
				<property-name>plmWhereUsedService</property-name>
				<value>#{plmWhereUsedService}</value>
			</managed-property>
			<managed-property>
				<property-name>taskExecutor</property-name>
				<value>#{taskExecutor}</value>
			</managed-property>
			<managed-property>
				<property-name>commonMB</property-name>
				<value>#{commonMB}</value>
			</managed-property>
		</managed-bean>
		
	<!-- End :  PLM Where Used -->
	
	<!-- Start : PLM Where Used Logical Indicator -->
	
	<managed-bean>
		<managed-bean-name>plmWhereUsedLogIndicatorMB</managed-bean-name>
		<managed-bean-class>com.geinfra.geaviation.pwi.bean.PLMWhereUsedLogIndicatorMB</managed-bean-class>
		<managed-bean-scope>session</managed-bean-scope>
		<managed-property>
			<property-name>plmWhereUsedData</property-name>
			<value>#{plmWhereUsedData}</value>
		</managed-property>
		<managed-property>
			<property-name>plmWhereUsedService</property-name>
			<value>#{plmWhereUsedService}</value>
		</managed-property>
		<managed-property>
			<property-name>commonMB</property-name>
			<value>#{commonMB}</value>
		</managed-property>
	</managed-bean>
	
	<!-- End : PLM Where Used Logical Indicator -->
	
	<!-- Start :  PLM Admin -->
	<managed-bean>
		<managed-bean-name>groupBean</managed-bean-name>
		<managed-bean-class>
			com.geinfra.geaviation.pwi.bean.PLMAdminGroupMB
		</managed-bean-class>
		<managed-bean-scope>session</managed-bean-scope>
		<managed-property>
			<property-name>adminServiceIfc</property-name>
			<value>#{adminServiceIfc}</value>
		</managed-property>
		<managed-property>
			<property-name>commonMB</property-name>
			<value>#{commonMB}</value>
		</managed-property>
	</managed-bean>

	<managed-bean>
		<managed-bean-name>userBean</managed-bean-name>
		<managed-bean-class>
			com.geinfra.geaviation.pwi.bean.PLMAdminUserMB
		</managed-bean-class>
		<managed-bean-scope>session</managed-bean-scope>
		<managed-property>
			<property-name>adminServiceIfc</property-name>
			<value>#{adminServiceIfc}</value>
		</managed-property>
		<managed-property>
			<property-name>commonMB</property-name>
			<value>#{commonMB}</value>
		</managed-property>
	</managed-bean>

	<managed-bean>
		<managed-bean-name>requestMB</managed-bean-name>
		<managed-bean-class>com.geinfra.geaviation.pwi.bean.PLMRequestMB</managed-bean-class>
		<managed-bean-scope>session</managed-bean-scope>
		<managed-property>
			<property-name>adminServiceIfc</property-name>
			<value>#{adminServiceIfc}</value>
		</managed-property>
	</managed-bean>
	
	<managed-bean>
		<managed-bean-name>syslogBean</managed-bean-name>
		<managed-bean-class>com.geinfra.geaviation.pwi.bean.PLMReportsMB</managed-bean-class>
		<managed-bean-scope>session</managed-bean-scope>
		<managed-property>
			<property-name>adminServiceIfc</property-name>
			<value>#{adminServiceIfc}</value>
		</managed-property>
		<managed-property>
			<property-name>commonMB</property-name>
			<value>#{commonMB}</value>
		</managed-property>
	</managed-bean>
	<!-- End :  PLM Admin -->
	
	<!--  Start : ABIT Search --> 
	<managed-bean>
  		<managed-bean-name>abitSearchMB</managed-bean-name> 
  		<managed-bean-class>com.geinfra.geaviation.pwi.bean.PLMABITSearchMB</managed-bean-class> 
  		<managed-bean-scope>session</managed-bean-scope>
		<managed-property>
  			<property-name>plmCopicsSearchService</property-name> 
  			<value>#{plmCopicsSearchService}</value> 
  		</managed-property>
		<managed-property>
			<property-name>commonMB</property-name>
			<value>#{commonMB}</value>
		</managed-property>
  	</managed-bean>
  	<!--  End : ABIT Search --> 
  
  	<!-- Start : Bom Copics  -->
	<managed-bean>
		<managed-bean-name>plmBomCopicsMB</managed-bean-name>
		<managed-bean-class>
			com.geinfra.geaviation.pwi.bean.PLMBomCopicsMB
		</managed-bean-class>
		<managed-bean-scope>session</managed-bean-scope>
		<managed-property>
				<property-name>taskExecutor</property-name>
				<value>#{taskExecutor}</value>
		</managed-property>
		<managed-property>
			<property-name>plmMetricsService</property-name>
			<value>#{plmMetricsService}</value>
		</managed-property>
		<managed-property>
			<property-name>commonMB</property-name>
			<value>#{commonMB}</value>
		</managed-property>
	</managed-bean>
	<!-- End :  Bom Copics  -->
	
	<!-- Start : LTTR  -->
	<managed-bean>
		<managed-bean-name>plmLttrMB</managed-bean-name>
		<managed-bean-class>
			com.geinfra.geaviation.pwi.bean.PLMLttrMB
		</managed-bean-class>
		<managed-bean-scope>session</managed-bean-scope>
		<managed-property>
				<property-name>taskExecutor</property-name>
				<value>#{taskExecutor}</value>
		</managed-property>
		<managed-property>
			<property-name>plmLttrService</property-name>
			<value>#{plmLttrService}</value>
		</managed-property>
		<managed-property>
			<property-name>commonMB</property-name>
			<value>#{commonMB}</value>
		</managed-property>
	</managed-bean>
	<!-- End :  LTTR  -->
	
	<!-- Start : OMM  -->
	<managed-bean>
		<managed-bean-name>plmOmmReportMB</managed-bean-name>
		<managed-bean-class>
			com.geinfra.geaviation.pwi.bean.PLMOmmReportMB
		</managed-bean-class>
		<managed-bean-scope>session</managed-bean-scope>
		<managed-property>
				<property-name>taskExecutor</property-name>
				<value>#{taskExecutor}</value>
		</managed-property>
		<managed-property>
			<property-name>plmOmmReportService</property-name>
			<value>#{plmOmmReportService}</value>
		</managed-property>
		<managed-property>
			<property-name>commonMB</property-name>
			<value>#{commonMB}</value>
		</managed-property>
	</managed-bean>
	<!-- End :  OMM  -->
	
	<!-- Start of PLMContractSummaryReport -->
	<managed-bean>
		<managed-bean-name>contractSmryReptMB</managed-bean-name>
		<managed-bean-class>
			com.geinfra.geaviation.pwi.bean.PLMCntrtSmryRptMB
		</managed-bean-class>
		<managed-bean-scope>session</managed-bean-scope>
		<managed-property>
			<property-name>contractSumrReptService</property-name>
			<value>#{contractSumrReptService}</value>
		</managed-property>
		<managed-property>
				<property-name>taskExecutor</property-name>
				<value>#{taskExecutor}</value>
		</managed-property>
		<managed-property>
			<property-name>commonMB</property-name>
			<value>#{commonMB}</value>
		</managed-property>
	</managed-bean>
	<!-- Start of PLMContractSummaryReport -->
	
	<managed-bean>
	  <managed-bean-name>pddrMb</managed-bean-name>
	  <managed-bean-class>com.geinfra.geaviation.pwi.bean.PLMPddrMB</managed-bean-class>
	  <managed-bean-scope>session</managed-bean-scope>
	   <managed-property>
				<property-name>taskExecutor</property-name>
				<value>#{taskExecutor}</value>
		</managed-property>
	   <managed-property>
	  	<property-name>plmPddrServiceIfc</property-name>
	  	<value>#{plmPddrServiceIfc}</value>
	  </managed-property>
		<managed-property>
			<property-name>commonMB</property-name>
			<value>#{commonMB}</value>
		</managed-property>
	</managed-bean>
	
	<!-- Start :  Customer Drawing Dashboard   -->
	<managed-bean>
		<managed-bean-name>plmDwgDashboardMB</managed-bean-name>
		<managed-bean-class>
			com.geinfra.geaviation.pwi.bean.PLMDashBoardMB
		</managed-bean-class>
		<managed-bean-scope>session</managed-bean-scope>
		<managed-property>
			<property-name>plmDashboardService</property-name>
			<value>#{plmDashboardService}</value>
		</managed-property>
		<managed-property>
			<property-name>commonMB</property-name>
			<value>#{commonMB}</value>
		</managed-property>
	</managed-bean>
	<!-- End :  Customer Drawing Dashboard  -->
	
	<!--	 Start :  GBOM   -->
	<managed-bean>
		<managed-bean-name>plmGBomMB</managed-bean-name>
		<managed-bean-class>
			com.geinfra.geaviation.pwi.bean.PLMGBomMB
		</managed-bean-class>
		<managed-bean-scope>session</managed-bean-scope>
		<managed-property>
				<property-name>taskExecutor</property-name>
				<value>#{taskExecutor}</value>
		</managed-property>
		<managed-property>
			<property-name>plmGBomService</property-name>
			<value>#{plmGBomService}</value>
		</managed-property>
		<managed-property>
			<property-name>commonMB</property-name>
			<value>#{commonMB}</value>
		</managed-property>
	</managed-bean>
<!--	 End :  GBOM  -->
	
	<!-- Start of PLMEnvComplianceMB -->
	<managed-bean>
		<managed-bean-name>plmEnvComplianceMB</managed-bean-name>
		<managed-bean-class>
			com.geinfra.geaviation.pwi.bean.PLMEnvComplianceMB
		</managed-bean-class>
		<managed-bean-scope>session</managed-bean-scope>
		<managed-property>
			<property-name>plmEnvComplianceService</property-name>
			<value>#{plmEnvComplianceService}</value>
		</managed-property>
		<managed-property>
				<property-name>taskExecutor</property-name>
				<value>#{taskExecutor}</value>
		</managed-property>
		<managed-property>
			<property-name>commonMB</property-name>
			<value>#{commonMB}</value>
		</managed-property>
	  	</managed-bean>
	<!-- Start of PLMEnvComplianceMB -->
	
	<!-- Start of PLMContractSummaryReport -->
	<managed-bean>
		<managed-bean-name>plmCntSmryOnScrnMB</managed-bean-name>
		<managed-bean-class>
			com.geinfra.geaviation.pwi.bean.PLMCntSmryOnScrnMB
		</managed-bean-class>
		<managed-bean-scope>session</managed-bean-scope>
		<managed-property>
			<property-name>contractSumrReptService</property-name>
			<value>#{contractSumrReptService}</value>
		</managed-property>
		<managed-property>
			<property-name>commonMB</property-name>
			<value>#{commonMB}</value>
		</managed-property>
	  	</managed-bean>
	<!-- Start of PLMContractSummaryReport -->
	
	
<!-- Start of ECCCN Report new Bean -->
	<managed-bean>
		<managed-bean-name>plmEccnMB</managed-bean-name>
		<managed-bean-class>
			com.geinfra.geaviation.pwi.bean.PLMEccnMB
		</managed-bean-class>
		<managed-bean-scope>session</managed-bean-scope>
		<managed-property>
			<property-name>plmIssuesService</property-name>
			<value>#{plmIssuesService}</value>
		</managed-property>
		<managed-property>
				<property-name>taskExecutor</property-name>
				<value>#{taskExecutor}</value>
		</managed-property>
		<managed-property>
			<property-name>commonMB</property-name>
			<value>#{commonMB}</value>
		</managed-property>
	  	</managed-bean>
	<!-- Start of ECCCN Report new Bean -->
	
	
<!-- Start :  Cost and Cycle Summary Report   -->
	<managed-bean>
		<managed-bean-name>plmCostCycleSmryMB</managed-bean-name>
		<managed-bean-class>
			com.geinfra.geaviation.pwi.bean.PLMCostCycleSmryMB
		</managed-bean-class>
		<managed-bean-scope>session</managed-bean-scope>
		<managed-property>
			<property-name>plmCostCycleSmryService</property-name>
			<value>#{plmCostCycleSmryService}</value>
		</managed-property>
		<managed-property>
			<property-name>commonMB</property-name>
			<value>#{commonMB}</value>
		</managed-property>
	</managed-bean>
	<!-- End :  Cost and Cycle Summary Report  -->
	
	
	<!-- Start :  Contract Info Report   -->
	<managed-bean>
		<managed-bean-name>plmContractRptMB</managed-bean-name>
		<managed-bean-class>
			com.geinfra.geaviation.pwi.bean.PLMContractRptMB
		</managed-bean-class>
		<managed-bean-scope>session</managed-bean-scope>
		<managed-property>
			<property-name>plmContractRptService</property-name>
			<value>#{plmContractRptService}</value>
		</managed-property>
		<managed-property>
			<property-name>commonMB</property-name>
			<value>#{commonMB}</value>
		</managed-property>
	</managed-bean>
	<!-- End : Contract Info Report  -->
	
		<!-- Start :  CR Report   -->
	<managed-bean>
		<managed-bean-name>plmCRReportMB</managed-bean-name>
		<managed-bean-class>
			com.geinfra.geaviation.pwi.bean.PLMCRReportMB
		</managed-bean-class>
		<managed-bean-scope>session</managed-bean-scope>
		<managed-property>
			<property-name>plmCRReportService</property-name>
			<value>#{plmCRReportService}</value>
		</managed-property>
		<managed-property>
			<property-name>commonMB</property-name>
			<value>#{commonMB}</value>
		</managed-property>
	</managed-bean>
	<!-- End : CR Report  -->
	
	<!-- Start :  FMI New Unit  -->
	<managed-bean>
		<managed-bean-name>plmNewUnitFMIMB</managed-bean-name>
		<managed-bean-class>
			com.geinfra.geaviation.pwi.bean.PLMNewUnitFMIMB
		</managed-bean-class>
		<managed-bean-scope>session</managed-bean-scope>
		<managed-property>
			<property-name>plmDocGenService</property-name>
			<value>#{plmDocGenService}</value>
		</managed-property>
		<managed-property>
			<property-name>commonMB</property-name>
			<value>#{commonMB}</value>
		</managed-property>
   		<managed-property>
				<property-name>taskExecutor</property-name>
				<value>#{taskExecutor}</value>
		</managed-property>
	</managed-bean>
	<!-- End : FMI New Unit  -->
	
	<!-- Start :  Part Family-Interface Attribute   -->
	<managed-bean>
		<managed-bean-name>PLMInterfaceAttrMB</managed-bean-name>
		<managed-bean-class>
			com.geinfra.geaviation.pwi.bean.PLMInterfaceAttrMB
		</managed-bean-class>
		<managed-bean-scope>session</managed-bean-scope>
		<!--<managed-property>
				<property-name>taskExecutor</property-name>
				<value>#{taskExecutor}</value>
		</managed-property>
		--><managed-property>
			<property-name>interfaceAttrService</property-name>
			<value>#{plmInterfaceAttrService}</value>
		</managed-property>
		<managed-property>
     		<property-name>commonMB</property-name>
     		<value>#{commonMB}</value>
   		</managed-property>
	</managed-bean>
	<!-- End :  Part Family-Interface Attribute  -->
	
	<!-- Start : GT CMU Deliverable Review Tool   -->
	<managed-bean>
		<managed-bean-name>plmDlvrblRptMB</managed-bean-name>
		<managed-bean-class>
			com.geinfra.geaviation.pwi.bean.PLMDlvrblRptMB
		</managed-bean-class>
		<managed-bean-scope>session</managed-bean-scope>
		<managed-property>
			<property-name>dlvrblRptService</property-name>
			<value>#{plmDlvrblRptService}</value>
		</managed-property>
		<managed-property>
     		<property-name>commonMB</property-name>
     		<value>#{commonMB}</value>
   		</managed-property>
	</managed-bean>
	<!-- End :  GT CMU Deliverable Review Tool -->
	
	<!-- Start : STM/GEN Deliverable Review Tool   -->
	<managed-bean>
		<managed-bean-name>plmStGenDlvrblMB</managed-bean-name>
		<managed-bean-class>
			com.geinfra.geaviation.pwi.bean.PLMStGenDlvrblRptMB
		</managed-bean-class>
		<managed-bean-scope>session</managed-bean-scope>
		<managed-property>
			<property-name>plmStGenDlvrblService</property-name>
			<value>#{plmStGenDlvrblService}</value>
		</managed-property>
		<managed-property>
     		<property-name>commonMB</property-name>
     		<value>#{commonMB}</value>
   		</managed-property>
	</managed-bean>
	<!-- End :  STM/GEN Deliverable Review Tool  -->
	
		<!-- Start of BOM Similarity Report -->
	<managed-bean>
		<managed-bean-name>plmBOMSimilarRptMB</managed-bean-name>
		<managed-bean-class>
			com.geinfra.geaviation.pwi.bean.PLMBOMSimilarRptMB
		</managed-bean-class>
		<managed-bean-scope>session</managed-bean-scope>
		<managed-property>
			<property-name>plmBOMSimilarService</property-name>
			<value>#{plmBOMSimilarService}</value>
		</managed-property>
		<managed-property>
				<property-name>taskExecutor</property-name>
				<value>#{taskExecutor}</value>
		</managed-property>
		<managed-property>
     		<property-name>commonMB</property-name>
     		<value>#{commonMB}</value>
   		</managed-property>
	  	</managed-bean>
	<!-- End of BOM Similarity Report -->
	
	<!-- Start of EPE BoM Report -->
	<managed-bean>
		<managed-bean-name>plmEPEBoMRptMB</managed-bean-name>
		<managed-bean-class>
			com.geinfra.geaviation.pwi.bean.PLMEPEBoMRptMB
		</managed-bean-class>
		<managed-bean-scope>session</managed-bean-scope>
		<managed-property>
			<property-name>plmEPEBoMService</property-name>
			<value>#{plmEPEBoMService}</value>
		</managed-property>
		<managed-property>
				<property-name>taskExecutor</property-name>
				<value>#{taskExecutor}</value>
		</managed-property>
		<managed-property>
     		<property-name>commonMB</property-name>
     		<value>#{commonMB}</value>
   		</managed-property>
	  	</managed-bean>
	<!-- End of EPE BoM Report -->
	
	<!-- Start : DRL Report -->
	<managed-bean>
		<managed-bean-name>plmDRLReportMB</managed-bean-name>
		<managed-bean-class>
			com.geinfra.geaviation.pwi.bean.PLMDRLReportMB
		</managed-bean-class>
		<managed-bean-scope>session</managed-bean-scope>
		<managed-property>
			<property-name>drlReportService</property-name>
			<value>#{plmDrlReportService}</value>
		</managed-property>
		<managed-property>
			<property-name>commonMB</property-name>
			<value>#{commonMB}</value>
		</managed-property>
	</managed-bean>
	<!-- End :  DRL Report  -->
	
		<!-- Start : Cycle Time Report -->
	<managed-bean>
		<managed-bean-name>plmCycleTimeReportMB</managed-bean-name>
		<managed-bean-class>
			com.geinfra.geaviation.pwi.bean.PLMCycleTimeReportMB
		</managed-bean-class>
		<managed-bean-scope>session</managed-bean-scope>
		<managed-property>
			<property-name>plmCycleTimeReportService</property-name>
			<value>#{plmCycleTimeReportService}</value>
		</managed-property>
		<managed-property>
			<property-name>commonMB</property-name>
			<value>#{commonMB}</value>
		</managed-property>
	</managed-bean>
	<!-- End :  Cycle Time Report  -->
	
	<!--	 Start :  Where Used - CAS Substance Report   -->
	<managed-bean>
		<managed-bean-name>whrUsdSubstncMB</managed-bean-name>
		<managed-bean-class>
			com.geinfra.geaviation.pwi.bean.PLMWhrUsdSubstncMB
		</managed-bean-class>
		<managed-bean-scope>session</managed-bean-scope>
		<managed-property>
				<property-name>taskExecutor</property-name>
				<value>#{taskExecutor}</value>
		</managed-property>
		<managed-property>
			<property-name>whrUsdSubstncService</property-name>
			<value>#{whrUsdSubstncService}</value>
		</managed-property>
		<managed-property>
			<property-name>commonMB</property-name>
			<value>#{commonMB}</value>
		</managed-property>
	</managed-bean>
<!--	 End :  Where Used - CAS Substance Report  -->

<!--	 Start :  Generator SO Kit Report   -->
	<managed-bean>
		<managed-bean-name>plmSoKitReportMB</managed-bean-name>
		<managed-bean-class>
			com.geinfra.geaviation.pwi.bean.PLMSoKitReportMB
		</managed-bean-class>
		<managed-bean-scope>session</managed-bean-scope>
		<managed-property>
				<property-name>taskExecutor</property-name>
				<value>#{taskExecutor}</value>
		</managed-property>
		<managed-property>
			<property-name>plmSoKitReportService</property-name>
			<value>#{plmSoKitReportService}</value>
		</managed-property>
		<managed-property>
			<property-name>commonMB</property-name>
			<value>#{commonMB}</value>
		</managed-property>
	</managed-bean>
<!--	 End :  Generator SO Kit Report  -->

<!--	 Start :  Customer Documents Report   -->
	<managed-bean>
		<managed-bean-name>plmCustDocReportMB</managed-bean-name>
		<managed-bean-class>
			com.geinfra.geaviation.pwi.bean.PLMCustDocReportMB
		</managed-bean-class>
		<managed-bean-scope>session</managed-bean-scope>
		<managed-property>
				<property-name>taskExecutor</property-name>
				<value>#{taskExecutor}</value>
		</managed-property>
		<managed-property>
			<property-name>plmCustDocReportService</property-name>
			<value>#{plmCustDocReportService}</value>
		</managed-property>
		<managed-property>
			<property-name>commonMB</property-name>
			<value>#{commonMB}</value>
		</managed-property>
	</managed-bean>
<!--	 End :  Customer Documents Report -->	


<!--	 Start :  TC5 Report   -->
	<managed-bean>
		<managed-bean-name>plmTC5RptMB</managed-bean-name>
		<managed-bean-class>
			com.geinfra.geaviation.pwi.bean.PLMTC5RptMB
		</managed-bean-class>
		<managed-bean-scope>session</managed-bean-scope>
		<managed-property>
				<property-name>taskExecutor</property-name>
				<value>#{taskExecutor}</value>
		</managed-property>
		<managed-property>
			<property-name>plmTC5RptService</property-name>
			<value>#{plmTC5RptService}</value>
		</managed-property>
		<managed-property>
			<property-name>commonMB</property-name>
			<value>#{commonMB}</value>
		</managed-property>
	</managed-bean>
<!--	 End : TC5 Report -->	

<!--	 Start :  Config Feature Option Report   -->
	<managed-bean>
		<managed-bean-name>plmConfigFeatOptRptMB</managed-bean-name>
		<managed-bean-class>
			com.geinfra.geaviation.pwi.bean.PLMConfigFeatOptRptMB
		</managed-bean-class>
		<managed-bean-scope>session</managed-bean-scope>
		<managed-property>
				<property-name>taskExecutor</property-name>
				<value>#{taskExecutor}</value>
		</managed-property>
		<managed-property>
			<property-name>plmConfigFeatOptRptService</property-name>
			<value>#{plmConfigFeatOptRptService}</value>
		</managed-property>
		<managed-property>
			<property-name>commonMB</property-name>
			<value>#{commonMB}</value>
		</managed-property>
	</managed-bean>
	<!-- End : Config Feature Option Report -->

	<!-- Start :  CF CR PRS Report-->
	<managed-bean>
		<managed-bean-name>plmCFCRPRSRptMB</managed-bean-name>
		<managed-bean-class>
			com.geinfra.geaviation.pwi.bean.PLMCFCRPRSRptMB
		</managed-bean-class>
		<managed-bean-scope>session</managed-bean-scope>
		<managed-property>
			<property-name>plmCFCRPRSRptService</property-name>
			<value>#{plmCFCRPRSRptService}</value>
		</managed-property>
		<managed-property>
			<property-name>commonMB</property-name>
			<value>#{commonMB}</value>
		</managed-property>
	</managed-bean>
	<!-- End :   CF CR PRS Report -->
	
	<!-- Start :  MBOM PDDR Report-->
	<managed-bean>
		<managed-bean-name>plmMBOMPddrMB</managed-bean-name>
		<managed-bean-class>
			com.geinfra.geaviation.pwi.bean.PLMMBOMPddrMB
		</managed-bean-class>
		<managed-bean-scope>session</managed-bean-scope>
		<managed-property>
				<property-name>taskExecutor</property-name>
				<value>#{taskExecutor}</value>
		</managed-property>
		<managed-property>
			<property-name>plmMBOMPddrService</property-name>
			<value>#{plmMBOMPddrService}</value>
		</managed-property>
		<managed-property>
			<property-name>commonMB</property-name>
			<value>#{commonMB}</value>
		</managed-property>
	</managed-bean>
	<!-- End :   MBOM PDDR Report -->
	
	<!-- Start : OMM MBOM Report -->
	<managed-bean>
		<managed-bean-name>plmOmmMBoMRptMB</managed-bean-name>
		<managed-bean-class>
			com.geinfra.geaviation.pwi.bean.PLMOmmMBoMRptMB
		</managed-bean-class>
		<managed-bean-scope>session</managed-bean-scope>
		<managed-property>
				<property-name>taskExecutor</property-name>
				<value>#{taskExecutor}</value>
		</managed-property>
		<managed-property>
			<property-name>plmOmmMBoMRptService</property-name>
			<value>#{plmOmmMBoMRptService}</value>
		</managed-property>
		<managed-property>
			<property-name>commonMB</property-name>
			<value>#{commonMB}</value>
		</managed-property>
	</managed-bean>
	<!-- End :  OMM MBOM Report   -->

	<!-- Start :  BOM Defect Report (CMU) -->
	<managed-bean>
		<managed-bean-name>plmBomDfctRptMB</managed-bean-name>
		<managed-bean-class>
			com.geinfra.geaviation.pwi.bean.PLMBomDfctRptMB
		</managed-bean-class>
		<managed-bean-scope>session</managed-bean-scope>
		<managed-property>
				<property-name>taskExecutor</property-name>
				<value>#{taskExecutor}</value>
		</managed-property>
		<managed-property>
			<property-name>plmBomDfctRptService</property-name>
			<value>#{plmBomDfctRptService}</value>
		</managed-property>
		<managed-property>
			<property-name>commonMB</property-name>
			<value>#{commonMB}</value>
		</managed-property>
	</managed-bean>
	<!-- End :   BOM Defect Report (CMU) -->
	
	<!-- Start : Compare EBOM to MBOM Report -->
	<managed-bean>
		<managed-bean-name>plmEBomToMBomMB</managed-bean-name>
		<managed-bean-class>
			com.geinfra.geaviation.pwi.bean.PLMEBomToMBomMB
		</managed-bean-class>
		<managed-bean-scope>session</managed-bean-scope>
		<managed-property>
				<property-name>taskExecutor</property-name>
				<value>#{taskExecutor}</value>
		</managed-property>
		<managed-property>
			<property-name>plmEBomToMBomService</property-name>
			<value>#{plmEBomToMBomService}</value>
		</managed-property>
		<managed-property>
			<property-name>commonMB</property-name>
			<value>#{commonMB}</value>
		</managed-property>
	</managed-bean>
	<!-- End :  Compare EBOM to MBOM Report   -->
	 <!-- start: Part Family Attribute Integration -->
    <managed-bean>
        <managed-bean-name>plmPartFamAttrMB</managed-bean-name>
        <managed-bean-class>com.geinfra.geaviation.pwi.bean.PLMPartFamAttrMB
        </managed-bean-class>
        <managed-bean-scope>session</managed-bean-scope>
        <managed-property>
			<property-name>plmPartFamAttrService</property-name>
			<value>#{plmPartFamAttrService}</value>
		</managed-property>
		<managed-property>
     		<property-name>commonMB</property-name>
     		<value>#{commonMB}</value>
   		</managed-property>
   		<managed-property>
				<property-name>taskExecutor</property-name>
				<value>#{taskExecutor}</value>
		</managed-property>
    </managed-bean>	
	
		<!-- Start : Product CF QL Comparison -->
	<managed-bean>
		<managed-bean-name>plmCFQLCompareMB</managed-bean-name>
		<managed-bean-class>
			com.geinfra.geaviation.pwi.bean.PLMCFQLCompareMB
		</managed-bean-class>
		<managed-bean-scope>session</managed-bean-scope>
		<managed-property>
				<property-name>taskExecutor</property-name>
				<value>#{taskExecutor}</value>
		</managed-property>
		<managed-property>
			<property-name>plmCFQLCompareService</property-name>
			<value>#{plmCFQLCompareService}</value>
		</managed-property>
		<managed-property>
			<property-name>commonMB</property-name>
			<value>#{commonMB}</value>
		</managed-property>
	</managed-bean>
	<!-- End :  Product CF QL Comparison   -->
	
		  <!-- Start: Part Family Viewer -->
    <managed-bean>
        <managed-bean-name>plmPartFamViewMB</managed-bean-name>
        <managed-bean-class>com.geinfra.geaviation.pwi.bean.PLMPartFamViewMB
        </managed-bean-class>
        <managed-bean-scope>session</managed-bean-scope>
        <managed-property>
			<property-name>plmPartFamViewService</property-name>
			<value>#{plmPartFamViewService}</value>
		</managed-property>
		<managed-property>
				<property-name>taskExecutor</property-name>
				<value>#{taskExecutor}</value>
		</managed-property>
		<managed-property>
     		<property-name>commonMB</property-name>
     		<value>#{commonMB}</value>
   		</managed-property>
    </managed-bean>	
	<!-- End: Part Family Viewer -->
	
			<!-- Start :  EBOM PDDR Report-->
	<managed-bean>
		<managed-bean-name>plmEBOMPddrMB</managed-bean-name>
		<managed-bean-class>
			com.geinfra.geaviation.pwi.bean.PLMEBOMPddrMB
		</managed-bean-class>
		<managed-bean-scope>session</managed-bean-scope>
		<managed-property>
				<property-name>taskExecutor</property-name>
				<value>#{taskExecutor}</value>
		</managed-property>
		<managed-property>
			<property-name>plmEBOMPddrService</property-name>
			<value>#{plmEBOMPddrService}</value>
		</managed-property>
		<managed-property>
			<property-name>commonMB</property-name>
			<value>#{commonMB}</value>
		</managed-property>
	</managed-bean>
	<!-- End :   EBOM PDDR Report -->
	
		<!-- Added for Boiler report -->
    <managed-bean>
		<managed-bean-name>plmBoilerBacklogReportMB</managed-bean-name>
		<managed-bean-class>com.geinfra.geaviation.pwi.bean.PLMBoilerBacklogReportMB</managed-bean-class>
		<managed-bean-scope>session</managed-bean-scope>
		<managed-property>
			<property-name>plmBoilerReportService</property-name>
			<value>#{plmBoilerReportService}</value>
		</managed-property>
		<managed-property>
			<property-name>commonMB</property-name>
			<value>#{commonMB}</value>
		</managed-property>
	</managed-bean>
	 <managed-bean>
		<managed-bean-name>plmBoilerShippingBomReportMB</managed-bean-name>
		<managed-bean-class>com.geinfra.geaviation.pwi.bean.PLMBoilerShippingBomReportMB</managed-bean-class>
		<managed-bean-scope>session</managed-bean-scope>
		<managed-property>
			<property-name>plmBoilerShippingBomReportService</property-name>
			<value>#{plmBoilerShippingBomReportService}</value>
		</managed-property>
		<managed-property>
			<property-name>commonMB</property-name>
			<value>#{commonMB}</value>
		</managed-property>
	</managed-bean>
	 <managed-bean>
		<managed-bean-name>plmcustBomRptMB</managed-bean-name>
		<managed-bean-class>com.geinfra.geaviation.pwi.bean.PLMCustBomRptMB</managed-bean-class>
		<managed-bean-scope>session</managed-bean-scope>
		<managed-property>
				<property-name>taskExecutor</property-name>
				<value>#{taskExecutor}</value>
		</managed-property>
		<managed-property>
			<property-name>plmBoilerShippingBomReportService</property-name>
			<value>#{plmBoilerShippingBomReportService}</value>
		</managed-property>
		<managed-property>
			<property-name>commonMB</property-name>
			<value>#{commonMB}</value>
		</managed-property>
	</managed-bean>
	<managed-bean>
		<managed-bean-name>plmBoilerShopBomReportMB</managed-bean-name>
		<managed-bean-class>com.geinfra.geaviation.pwi.bean.PLMBoilerShopBomReportMB</managed-bean-class>
		<managed-bean-scope>session</managed-bean-scope>
		<managed-property>
				<property-name>taskExecutor</property-name>
				<value>#{taskExecutor}</value>
		</managed-property>
		<managed-property>
			<property-name>plmBoilerShippingBomReportService</property-name>
			<value>#{plmBoilerShippingBomReportService}</value>
		</managed-property>
		<managed-property>
			<property-name>commonMB</property-name>
			<value>#{commonMB}</value>
		</managed-property>
	</managed-bean>
	<!-- End :   Boiler report -->

	<!-- Start :   Aero BOM KPIs report -->
	<managed-bean>
		<managed-bean-name>plmCompleteEbomRptMB</managed-bean-name>
		<managed-bean-class>com.geinfra.geaviation.pwi.bean.PLMCompleteEbomRptMB</managed-bean-class>
		<managed-bean-scope>session</managed-bean-scope>
		<managed-property>
			<property-name>plmCompleteEbomReportService</property-name>
			<value>#{plmCompleteEbomReportService}</value>
		</managed-property>
		<managed-property>
			<property-name>commonMB</property-name>
			<value>#{commonMB}</value>
		</managed-property>
	</managed-bean>	
	<managed-bean>
		<managed-bean-name>plmCompatibilityRulesRptMB</managed-bean-name>
		<managed-bean-class>com.geinfra.geaviation.pwi.bean.PLMCompatibilityRulesRptMB</managed-bean-class>
		<managed-bean-scope>session</managed-bean-scope>
		<managed-property>
			<property-name>plmCompleteEbomReportService</property-name>
			<value>#{plmCompleteEbomReportService}</value>
		</managed-property>
		<managed-property>
			<property-name>commonMB</property-name>
			<value>#{commonMB}</value>
		</managed-property>
	</managed-bean>
	<managed-bean>
		<managed-bean-name>plmMarketingPreferencesRptMB</managed-bean-name>
		<managed-bean-class>com.geinfra.geaviation.pwi.bean.PLMMarketingPreferencesRptMB</managed-bean-class>
		<managed-bean-scope>session</managed-bean-scope>
		<managed-property>
			<property-name>plmCompleteEbomReportService</property-name>
			<value>#{plmCompleteEbomReportService}</value>
		</managed-property>
		<managed-property>
			<property-name>commonMB</property-name>
			<value>#{commonMB}</value>
		</managed-property>
	</managed-bean>	
	<managed-bean>
		<managed-bean-name>plmAeroReportMB</managed-bean-name>
		<managed-bean-class>com.geinfra.geaviation.pwi.bean.PLMAeroReportMB</managed-bean-class>
		<managed-bean-scope>session</managed-bean-scope>
				<managed-property>
			<property-name>plmCompleteEbomReportService</property-name>
			<value>#{plmCompleteEbomReportService}</value>
		</managed-property>
		
		<managed-property>
				<property-name>taskExecutor</property-name>
				<value>#{taskExecutor}</value>
		</managed-property>
		<managed-property>
			<property-name>commonMB</property-name>
			<value>#{commonMB}</value>
		</managed-property>
	</managed-bean>
	<!-- End :   Aero BOM KPIs report -->
	
	<!-- Start Marketing Model Reports  -->
	<managed-bean>
		<managed-bean-name>plmMktModelMB</managed-bean-name>
		<managed-bean-class>com.geinfra.geaviation.pwi.bean.PLMMktModelMB</managed-bean-class>
		<managed-bean-scope>session</managed-bean-scope>
		<managed-property>
			<property-name>plmMktModelRptService</property-name>
			<value>#{plmMktModelRptService}</value>
		</managed-property>
		<managed-property>
				<property-name>taskExecutor</property-name>
				<value>#{taskExecutor}</value>
		</managed-property>
		<managed-property>
			<property-name>commonMB</property-name>
			<value>#{commonMB}</value>
		</managed-property>
	</managed-bean>
	<managed-bean>
		<managed-bean-name>plmMktModelMFRptMB</managed-bean-name>
		<managed-bean-class>com.geinfra.geaviation.pwi.bean.PLMMktModelMFRptMB</managed-bean-class>
		<managed-bean-scope>session</managed-bean-scope>
		<managed-property>
			<property-name>plmMktModelRptService</property-name>
			<value>#{plmMktModelRptService}</value>
		</managed-property>
		<managed-property>
			<property-name>plmCFQLCompareService</property-name>
			<value>#{plmCFQLCompareService}</value>
		</managed-property>
		<managed-property>
				<property-name>taskExecutor</property-name>
				<value>#{taskExecutor}</value>
		</managed-property>
		<managed-property>
			<property-name>commonMB</property-name>
			<value>#{commonMB}</value>
		</managed-property>
	</managed-bean>
	<!-- End Marketing Model Reports -->	
	<!-- Start : Project Scorecard Report -->
	<managed-bean>
		<managed-bean-name>plmPrjScorecardRptMB</managed-bean-name>
		<managed-bean-class>
			com.geinfra.geaviation.pwi.bean.PLMPrjScorecardRptMB
		</managed-bean-class>
		<managed-bean-scope>session</managed-bean-scope>
		<managed-property>
				<property-name>taskExecutor</property-name>
				<value>#{taskExecutor}</value>
		</managed-property>
		<managed-property>
			<property-name>plmCFQLCompareService</property-name>
			<value>#{plmCFQLCompareService}</value>
		</managed-property>
		<managed-property>
			<property-name>commonMB</property-name>
			<value>#{commonMB}</value>
		</managed-property>
	</managed-bean>
	<!-- End :  Project Scorecard Report   -->
	
	<!-- Start :  PLM Where Used BOM -->
	<managed-bean>
		<managed-bean-name>plmWhereUsedBomMB</managed-bean-name>
		<managed-bean-class>com.geinfra.geaviation.pwi.bean.PLMWhereUsedBomMB</managed-bean-class>
		<managed-bean-scope>session</managed-bean-scope>
		<managed-property>
			<property-name>plmWhereUsedBOMData</property-name>
			<value>#{plmWhereUsedBOMData}</value>
		</managed-property>
		<managed-property>
			<property-name>commonMB</property-name>
			<value>#{commonMB}</value>
		</managed-property>		
		<managed-property>
				<property-name>taskExecutor</property-name>
				<value>#{taskExecutor}</value>
			</managed-property>
		<managed-property>
			<property-name>plmWhereUsedBOMService</property-name>
			<value>#{plmWhereUsedBOMService}</value>
		</managed-property>
	</managed-bean>
	<!-- Start :  PLM Where Used BOM -->
</faces-config>