<!DOCTYPE faces-config PUBLIC "-//Sun Microsystems, Inc.//DTD JavaServer Faces Config 1.0//EN" "http://java.sun.com/dtd/web-facesconfig_1_1.dtd">
<faces-config xmlns="http://java.sun.com/JSF/Configuration">
	<navigation-rule>
		<from-view-id>*</from-view-id>
		<navigation-case>
			<from-outcome>login</from-outcome>
			<to-view-id>/pages/cannedreports/login.jsf</to-view-id>
		</navigation-case>
		<navigation-case>
			<from-outcome>legal</from-outcome>
			<to-view-id>/pages/cannedreports/legalPage.jsf</to-view-id>
		</navigation-case>
		<navigation-case>
			<from-outcome>requestaccount</from-outcome>
			<to-view-id>/pages/cannedreports/plmrequestaccount.jsf</to-view-id>
		</navigation-case>
		<navigation-case>
			<from-outcome>home</from-outcome>
			<to-view-id>/pages/cannedreports/homepage.jsf</to-view-id>
		</navigation-case>
		<navigation-case>
			<from-outcome>cannedHome</from-outcome>
			<to-view-id>/pages/cannedReports.jsf</to-view-id>
		</navigation-case>
		<navigation-case>
			<from-outcome>impactOffline</from-outcome>
			<to-view-id>/pages/cannedreports/impactAnalysisOffline.jsf</to-view-id>
		</navigation-case>
		<navigation-case>
			<from-outcome>logout</from-outcome>
			<to-view-id>/pages/cannedreports/logout.jsf</to-view-id>
		</navigation-case>
		<navigation-case>
			<from-outcome>searchresult</from-outcome>
			<to-view-id>/pages/cannedreports/searchresult.jsf</to-view-id>
		</navigation-case>
		<navigation-case>
			<from-outcome>loginFail</from-outcome>
			<to-view-id>/pages/cannedreports/loginfail.jsf</to-view-id>
		</navigation-case>
			<navigation-case>
			<from-outcome>eccnReportPage</from-outcome>
			<to-view-id>/pages/cannedreports/eccnReport.jsf</to-view-id>
		</navigation-case>
		<navigation-case>
			<from-outcome>eccnReportSearch</from-outcome>
			<to-view-id>/pages/cannedreports/eccnReportSearch.jsf</to-view-id>
		</navigation-case>
		<navigation-case>
			<from-outcome>eccnInvalidSearch</from-outcome>
			<to-view-id>/pages/cannedreports/eccnInvalidSearch.jsf</to-view-id>
		</navigation-case>
	 </navigation-rule>
		
	<navigation-rule>
		<navigation-case>
			<from-outcome>plmsearch</from-outcome>
			<to-view-id>/pages/cannedreports/docSearch.jsf</to-view-id>
		</navigation-case>
	</navigation-rule>
	<navigation-rule>
		<navigation-case>
			<from-outcome>issues</from-outcome>
			<to-view-id>/pages/cannedreports/issueReport.jsf</to-view-id>
		</navigation-case>
		<navigation-case>
			<from-outcome>issuesresult</from-outcome>
			<to-view-id>/pages/cannedreports/issueReportResults.jsf</to-view-id>
		</navigation-case>
	</navigation-rule>
	<navigation-rule>
		<navigation-case>
			<from-outcome>backtosearchpage</from-outcome>
			<to-view-id>/pages/cannedreports/docSearch.jsf</to-view-id>
		</navigation-case>

		<navigation-case>
			<from-outcome>searchresultprint</from-outcome>
			<to-view-id>/pages/cannedreports/searchresultprint.jsf</to-view-id>
		</navigation-case>



	</navigation-rule>
	<navigation-rule>
		
		<navigation-case>
			<from-outcome>norecords</from-outcome>
			<to-view-id>/pages/cannedreports/invalid.jsf</to-view-id>
		</navigation-case>
		<navigation-case>
			<from-outcome>drawingnorecords</from-outcome>
			<to-view-id>/pages/cannedreports/invaliddrawing.jsf</to-view-id>
		</navigation-case>
		<navigation-case>
			<from-outcome>drawing</from-outcome>
			<to-view-id>/pages/cannedreports/drawingsworkflowqueue.jsf</to-view-id>
		</navigation-case>
		<navigation-case>
			<from-outcome>drawingsearchresult</from-outcome>
			<to-view-id>/pages/cannedreports/drawingsworkresults.jsf</to-view-id>
		</navigation-case>
		<navigation-case>
			<from-outcome>searchDetail</from-outcome>
			<to-view-id>/pages/cannedreports/searchdetail.jsf</to-view-id>
		</navigation-case>		
		<navigation-case>
			<from-outcome>drawingsworkprint</from-outcome>
			<to-view-id>/pages/cannedreports/drawingsworkprint.jsf</to-view-id>
		</navigation-case>

		<navigation-case>
			<from-outcome>noecorslt</from-outcome>
			<to-view-id>/pages/cannedreports/kpiinvalid.jsf</to-view-id>
		</navigation-case>

		<navigation-case>
			<from-outcome>ecosrchrslt</from-outcome>
			<to-view-id>/pages/cannedreports/kpiecoresults.jsf</to-view-id>
		</navigation-case>

		<navigation-case>
			<from-outcome>eco</from-outcome>
			<to-view-id>/pages/cannedreports/ecoreportsearch.jsf</to-view-id>
		</navigation-case>
		<navigation-case>
			<from-outcome>ecoresult</from-outcome>
			<to-view-id>/pages/cannedreports/ecosinglesearch.jsf</to-view-id>
		</navigation-case>
		<navigation-case>
			<from-outcome>invalidEco</from-outcome>
			<to-view-id>/pages/cannedreports/invalidecoSearch.jsf</to-view-id>
		</navigation-case>
		<navigation-case>
			<from-outcome>invalidIssues</from-outcome>
			<to-view-id>/pages/cannedreports/invalidissues.jsf</to-view-id>
		</navigation-case>
		<navigation-case>
			<from-outcome>volume</from-outcome>
			<to-view-id>/pages/cannedreports/ecoVolume.jsf</to-view-id>
		</navigation-case>		
		<navigation-case>
			<from-outcome>ecrsearch</from-outcome>
			<to-view-id>/pages/cannedreports/ecrsearch.jsf</to-view-id>
		</navigation-case>
		<!--  
		<navigation-case>
			<from-outcome>ecrSearchHome</from-outcome>
			<to-view-id>/pages/cannedreports/ecrsearch.jsf</to-view-id>
		</navigation-case> -->
		<navigation-case>
			<from-outcome>ecrsearchresults</from-outcome>
			<to-view-id>/pages/cannedreports/ecrSearchresults.jsf</to-view-id>
		</navigation-case>
		<navigation-case>
			<from-outcome>invalidecr</from-outcome>
			<to-view-id>/pages/cannedreports/invalidecr.jsf</to-view-id>
		</navigation-case>
		<navigation-case>
			<from-outcome>ecrSearchresultsPrint</from-outcome>
			<to-view-id>/pages/cannedreports/ecrSearchresultsPrint.jsf</to-view-id>
		</navigation-case>
		<navigation-case>
			<from-outcome>ecrsearchdetailsPrint</from-outcome>
			<to-view-id>/pages/cannedreports/ecrsearchdetailsPrint.jsf</to-view-id>
		</navigation-case>
		<navigation-case>
			<from-outcome>invalidembom</from-outcome>
			<to-view-id>/pages/cannedreports/invalidembom.jsf</to-view-id>
		</navigation-case>
		<navigation-case>
			<from-outcome>ecodetails</from-outcome>
			<to-view-id>/pages/cannedreports/ecoSearchresults.jsf</to-view-id>
		</navigation-case>
		<navigation-case>
			<from-outcome>backtoEcoSinglesearch</from-outcome>
			<to-view-id>/pages/cannedreports/ecosinglesearch.jsf</to-view-id>
		</navigation-case>
	</navigation-rule>

	<navigation-rule>

		<navigation-case>
			<from-outcome>ecoHome</from-outcome>
			<to-view-id>/pages/cannedreports/ecoHome.jsf</to-view-id>
		</navigation-case>
		<navigation-case>
			<from-outcome>detailsDefectParentPartNumber</from-outcome>
			<to-view-id>/pages/cannedreports/detailsDefectParentPartNumber.jsf</to-view-id>
		</navigation-case>
		<navigation-case>
			<from-outcome>detailsDefectPartNumber</from-outcome>
			<to-view-id>/pages/cannedreports/detailsDefectPartNumber.jsf</to-view-id>
		</navigation-case>
		<navigation-case>
			<from-outcome>detailsDefectPartQuantity</from-outcome>
			<to-view-id>/pages/cannedreports/detailsDefectPartQuantity.jsf</to-view-id>
		</navigation-case>
		<navigation-case>
			<from-outcome>ecoCategoriesHome</from-outcome>
			<to-view-id>/pages/cannedreports/ecoCategoriesHome.jsf</to-view-id>
		</navigation-case>
		<navigation-case>
			<from-outcome>ecoCategoriesReport</from-outcome>
			<to-view-id>/pages/cannedreports/ecoCategoriesReport.jsf</to-view-id>
		</navigation-case>
		<navigation-case>
			<from-outcome>ecoCategoryDetails</from-outcome>
			<to-view-id>/pages/cannedreports/ecoCategoryDetails.jsf</to-view-id>
		</navigation-case>
		<navigation-case>
			<from-outcome>ecoDetails</from-outcome>
			<to-view-id>/pages/cannedreports/ecoDetails.jsf</to-view-id>
		</navigation-case>
		<navigation-case>
			<from-outcome>ecoHome</from-outcome>
			<to-view-id>/pages/cannedreports/ecoHome.jsf</to-view-id>
		</navigation-case>
		<navigation-case>
			<from-outcome>ecoReport</from-outcome>
			<to-view-id>/pages/cannedreports/ecoReport.jsf</to-view-id>
		</navigation-case>
		<navigation-case>
			<from-outcome>ecoVolumeDetails</from-outcome>
			<to-view-id>/pages/cannedreports/ecoVolumeDetails.jsf</to-view-id>
		</navigation-case>
		<navigation-case>
			<from-outcome>ecrInvalidSearch</from-outcome>
			<to-view-id>/pages/cannedreports/invalidecr.jsf</to-view-id>
		</navigation-case>
		<navigation-case>
			<from-outcome>ecrSearchDetails</from-outcome>
			<to-view-id>/pages/cannedreports/ecrSearchDetails.jsf</to-view-id>
		</navigation-case>
		<navigation-case>
			<from-outcome>ecrSearchHome</from-outcome>
			<to-view-id>/pages/cannedreports/ecrSearchHome.jsf</to-view-id>
		</navigation-case>
		<navigation-case>
			<from-outcome>ecrSearchReport</from-outcome>
			<to-view-id>/pages/cannedreports/ecrSearchReport.jsf</to-view-id>
		</navigation-case>
		<navigation-case>
			<from-outcome>issueInvalidSearch</from-outcome>
			<to-view-id>/pages/cannedreports/issueInvalidSearch.jsf</to-view-id>
		</navigation-case>
		<navigation-case>
			<from-outcome>issueSearchDetails</from-outcome>
			<to-view-id>/pages/cannedreports/issueSearchDetails.jsf</to-view-id>
		</navigation-case>
		<navigation-case>
			<from-outcome>issueSearchHome</from-outcome>
			<to-view-id>/pages/cannedreports/issueSearchHome.jsf</to-view-id>
		</navigation-case>

<!-- Task Volume -->
		<navigation-case>
			<description></description>
			<from-outcome>taskVolumeReport</from-outcome>
			<to-view-id>/pages/cannedreports/taskVolumeReport.jsf</to-view-id>
		</navigation-case>
		<navigation-case>
			<description></description>
			<from-outcome>taskVolumeReportPrint</from-outcome>
			<to-view-id>/pages/cannedreports/taskVolumeReportPrint.jsf</to-view-id>
		</navigation-case>
		<navigation-case>
			<description></description>
			<from-outcome>invalidTaskVolumeReport</from-outcome>
			<to-view-id>/pages/cannedreports/invalidTaskVolumeReport.jsf</to-view-id>
		</navigation-case>
<!-- End Of Task Volume -->

		<navigation-case>
			<description></description>
			<from-outcome>taskCategoriesHome</from-outcome>
			<to-view-id>/pages/cannedreports/taskCategoriesHome.jsf</to-view-id>
		</navigation-case>
		<navigation-case>
			<description></description>
			<from-outcome>taskCategoriesReport</from-outcome>
			<to-view-id>/pages/cannedreports/taskCategoriesReport.jsf</to-view-id>
		</navigation-case>
		<navigation-case>
			<description></description>
			<from-outcome>taskCategoriesDetails</from-outcome>
			<to-view-id>/pages/cannedreports/taskCategoriesDetails.jsf</to-view-id>
		</navigation-case>
		<navigation-case>
			<description></description>
			<from-outcome>issueSearchHome</from-outcome>
			<to-view-id>/pages/cannedreports/issueSearchHome.jsf</to-view-id>
		</navigation-case>


		<navigation-case>
			<description></description>
			<from-outcome>ptrvSearchProject</from-outcome>
			<to-view-id>/pages/cannedreports/ptrvSearchProject.jsf</to-view-id>
		</navigation-case>

		<navigation-case>
			<description></description>
			<from-outcome>ptrvReportProject</from-outcome>
			<to-view-id>/pages/cannedreports/ptrvReportProject.jsf</to-view-id>
		</navigation-case>


		<navigation-case>
			<description></description>
			<from-outcome>taskSearchHome</from-outcome>
			<to-view-id>/pages/cannedreports/taskSearchHome.jsf</to-view-id>
		</navigation-case>


		<navigation-case>
			<from-outcome>taskPrecedorSuccessor</from-outcome>
			<to-view-id>/pages/cannedreports/precederSuccessor.jsf</to-view-id>
		</navigation-case>

		<navigation-case>
			<description></description>
			<from-outcome>taskSearchDetails</from-outcome>
			<to-view-id>/pages/cannedreports/taskSearchDetails.jsf</to-view-id>
		</navigation-case>


        <navigation-case>
			<description></description>
			<from-outcome>taskSearchReport</from-outcome>
			<to-view-id>/pages/cannedreports/taskSearchReport.jsf</to-view-id>
		</navigation-case>
		
		<navigation-case>
			<description></description>
			<from-outcome>taskDiscussionRpt</from-outcome>
			<to-view-id>/pages/cannedreports/taskDiscussionRpt.jsf</to-view-id>
		</navigation-case>		
		<navigation-case>
			<description></description>
			<from-outcome>taskDiscussionError</from-outcome>
			<to-view-id>/pages/cannedreports/taskDiscussionError.jsf</to-view-id>
		</navigation-case>
				
	   <navigation-case>
			<description></description>
			<from-outcome>taskMySavedSearchQueryReport</from-outcome>
			<to-view-id>/pages/cannedreports/taskSaveQueries.jsf</to-view-id>
		</navigation-case>
		
		<navigation-case>
			<description></description>
			<from-outcome>invalidTaskSaveSearch</from-outcome>
			<to-view-id>/pages/cannedreports/invalidTaskSaveSearch.jsf</to-view-id>
		</navigation-case>		
		<navigation-case>
			<description></description>
			<from-outcome>noRecordByQryName</from-outcome>
			<to-view-id>/pages/cannedreports/taskSaveError.jsf</to-view-id>
		</navigation-case>
	  	<navigation-case>
			<from-outcome>taskInvalidSearch</from-outcome>
			<to-view-id>/pages/cannedreports/taskInvalidSearch.jsf</to-view-id>
		</navigation-case>
		<navigation-case>
			<from-outcome>taskInvalidSelect</from-outcome>
			<to-view-id>/pages/cannedreports/taskInvalidSelect.jsf</to-view-id>
		</navigation-case>
		<navigation-case>
			<description></description>
			<from-outcome>partTrendsReportRdo</from-outcome>
			<to-view-id>/pages/cannedreports/partTrendsReportRdo.jsf</to-view-id>
		</navigation-case>

	<!-- Added by Prathap -->
		<navigation-case>
			<description></description>
			<from-outcome>ptrvSearchProject</from-outcome>
			<to-view-id>/pages/cannedreports/ptrvprjsearch.jsf</to-view-id>
		</navigation-case>

		<navigation-case>
			<description></description>
			<from-outcome>ptrvReportProject</from-outcome>
			<to-view-id>/pages/cannedreports/ptrvprjreport.jsf</to-view-id>
		</navigation-case>
		<navigation-case>
			<description></description>
			<from-outcome>ptrvReportProjectprint</from-outcome>
			<to-view-id>/pages/cannedreports/ptrvprjreportprint.jsf</to-view-id>
		</navigation-case>
	
		<navigation-case>
			<description></description>
			<from-outcome>prjinvalid</from-outcome>
			<to-view-id>/pages/cannedreports/ptrvInvalidProject.jsf</to-view-id>
		</navigation-case>
		<navigation-case>
			<description></description>
			<from-outcome>ptrvreportProjectVoucher</from-outcome>
			<to-view-id>/pages/cannedreports/ptrvprjdetailedreport.jsf</to-view-id>
		</navigation-case>
		<navigation-case>
			<from-outcome>ptrvprjdetailedreportprint</from-outcome>
			<to-view-id>/pages/cannedreports/ptrvprjdetailedreportprint.jsf</to-view-id>
		</navigation-case>
		<navigation-case>
			<from-outcome>invalidsearch</from-outcome>
			<to-view-id>/pages/cannedreports/ptrvInvalidProject.jsf</to-view-id>
		</navigation-case>
		<navigation-case>
			<from-outcome>ptrvreportinvalidsearch</from-outcome>
			<to-view-id>/pages/cannedreports/ptrvreportInvalidProject.jsf</to-view-id>
		</navigation-case>
	<!-- Ended by Prathap -->

		<!-- Added by Venkatesh  -->

		<navigation-case>
			<from-outcome>fmigenerate</from-outcome>
			<to-view-id>/pages/cannedreports/fmiGenerate.jsf</to-view-id>
		</navigation-case>
		<navigation-case>
			<from-outcome>fmisearch</from-outcome>
			<to-view-id>/pages/cannedreports/fmisearch.jsf</to-view-id>
		</navigation-case>

		<navigation-case>
			<from-outcome>fmitext</from-outcome>
			<to-view-id>/pages/cannedreports/fmitext.jsf</to-view-id>
		</navigation-case>
		<navigation-case>
			<from-outcome>invalidfmitext</from-outcome>
			<to-view-id>/pages/cannedreports/invalidfmitext.jsf</to-view-id>
		</navigation-case>
		<navigation-case>
			<from-outcome>fmitemplate</from-outcome>
			<to-view-id>/pages/cannedreports/fmitemplate.jsf</to-view-id>
		</navigation-case>
		<navigation-case>
			<from-outcome>bomhealthsearch</from-outcome>
			<to-view-id>/pages/cannedreports/bomhealthsearch.jsf</to-view-id>
		</navigation-case>
		<navigation-case>
			<from-outcome>invalidbomhealthsearch</from-outcome>
			<to-view-id>/pages/cannedreports/invalidbomhealthsearch.jsf</to-view-id>
		</navigation-case>
		<navigation-case>
			<from-outcome>bomhealthreport</from-outcome>
			<to-view-id>/pages/cannedreports/bomHealthReport.jsf</to-view-id>
		</navigation-case>
		<navigation-case>
			<from-outcome>bompartreport</from-outcome>
			<to-view-id>/pages/cannedreports/bompartreport.jsf</to-view-id>
		</navigation-case>
		<navigation-case>
			<from-outcome>bomqpartreport</from-outcome>
			<to-view-id>/pages/cannedreports/bomqpartreport.jsf</to-view-id>
		</navigation-case>
		<navigation-case>
			<from-outcome>bomppartreport</from-outcome>
			<to-view-id>/pages/cannedreports/bomppartreport.jsf</to-view-id>
		</navigation-case>
		<navigation-case>
			<from-outcome>bompartreportprint</from-outcome>
			<to-view-id>/pages/cannedreports/bompartreportprint.jsf</to-view-id>
		</navigation-case>
		<navigation-case>
			<from-outcome>bomppartreportprint</from-outcome>
			<to-view-id>/pages/cannedreports/bomppartreportprint.jsf</to-view-id>
		</navigation-case>
		<navigation-case>
			<from-outcome>bomqpartreportprint</from-outcome>
			<to-view-id>/pages/cannedreports/bomqpartreportprint.jsf</to-view-id>
		</navigation-case>
		<navigation-case>
			<from-outcome>downloadfmitext</from-outcome>
			<to-view-id>/pages/cannedreports/downloadfmitext.jsf</to-view-id>
		</navigation-case>
		<!--  ended by venkatesh -->
		
		<!--Start : Eco Category By Distribution and Eco Volume-->
		<navigation-case>
			<from-outcome>ecocategoryreport</from-outcome>
			<to-view-id>/pages/cannedreports/ecocategoryreport.jsf</to-view-id>
		</navigation-case>
		<navigation-case>
			<from-outcome>ecocategoryreportprint</from-outcome>
			<to-view-id>/pages/cannedreports/ecocategoryreportprint.jsf</to-view-id>
		</navigation-case>
		<navigation-case>
			<from-outcome>invalidecocategoryreport</from-outcome>
			<to-view-id>/pages/cannedreports/invalidecocategoryreport.jsf</to-view-id>
		</navigation-case>
		<navigation-case>
			<from-outcome>ecovolumereport</from-outcome>
			<to-view-id>/pages/cannedreports/ecoVolumeReport.jsf</to-view-id>
		</navigation-case>
		<navigation-case>
			<from-outcome>ecovolumereportprint</from-outcome>
			<to-view-id>/pages/cannedreports/ecoVolumeReportPrint.jsf</to-view-id>
		</navigation-case>
		<navigation-case>
			<from-outcome>invalidecovolumereport</from-outcome>
			<to-view-id>/pages/cannedreports/invalidEcoVolumeReport.jsf</to-view-id>
		</navigation-case>
		<!-- End :  Eco Category By Distribution and Eco Volume -->
		
		<navigation-case>
			<from-outcome>invalidEcr</from-outcome>
			<to-view-id>/pages/cannedreports/invalidecr.jsf</to-view-id>
		</navigation-case>

		<navigation-case>
			<from-outcome>ecrSearchResult</from-outcome>
			<to-view-id>/pages/cannedreports/ecrSearchReport.jsf</to-view-id>
		</navigation-case>
		<navigation-case>
			<from-outcome>ecrdetails</from-outcome>
			<to-view-id>/pages/cannedreports/ecrSearchDetails.jsf</to-view-id>
		</navigation-case>
				
		<navigation-case>
			<from-outcome>ecrAffctItemDetails</from-outcome>
			<to-view-id>/pages/cannedreports/ecrAffectedItemDetails.jsf</to-view-id>
		</navigation-case>	
		<navigation-case>
			<from-outcome>ecrAffectedItemPrint</from-outcome>
			<to-view-id>/pages/cannedreports/ecrAffectedItemPrint.jsf</to-view-id>
		</navigation-case>	
		
		<navigation-case>
			<from-outcome>backtoEcrSearch</from-outcome>
			<to-view-id>/pages/cannedreports/ecrsearch.jsf</to-view-id>
		</navigation-case>
		<navigation-case>
			<from-outcome>backtoEcrSearchReport</from-outcome>
			<to-view-id>/pages/cannedreports/ecrSearchresults.jsf</to-view-id>
		</navigation-case>
		<navigation-case>
			<from-outcome>ecrSearchHome</from-outcome>
			<to-view-id>/pages/cannedreports/ecrsearch.jsf</to-view-id>
		</navigation-case>
		<navigation-case>
			<from-outcome>backtoEcrSearch</from-outcome>
			<to-view-id>/pages/cannedreports/ecrsearch.jsf</to-view-id>
		</navigation-case>
		<navigation-case>
			<from-outcome>backtoEcrSearchReport</from-outcome>
			<to-view-id>/pages/cannedreports/ecrSearchReport.jsf</to-view-id>
		</navigation-case>
		<!-- Ended By Adesh -->
		<!-- Added By Adesh For Issue -->
	
		<navigation-case>
			<from-outcome>issues</from-outcome>
			<to-view-id>/pages/cannedreports/issueReport.jsf</to-view-id>
		</navigation-case>
		<navigation-case>
			<from-outcome>invalidIssuesReport</from-outcome>
			<to-view-id>/pages/cannedreports/invalidissues.jsf</to-view-id>
		</navigation-case>
		<navigation-case>
			<from-outcome>backtoissuesearchreport</from-outcome>
			<to-view-id>/pages/cannedreports/issueReportHeader.jsf</to-view-id>
		</navigation-case>
		<navigation-case>
			<from-outcome>invalidIssuesDetails</from-outcome>
			<to-view-id>/pages/cannedreports/invalidissues.jsf</to-view-id>
		</navigation-case>
		<navigation-case>
			<from-outcome>issueSearchReport</from-outcome>
			<to-view-id>/pages/cannedreports/issueReportHeader.jsf</to-view-id>
		</navigation-case>
		<navigation-case>
			<from-outcome>issuessearchdetails</from-outcome>
			<to-view-id>/pages/cannedreports/issueSearchDetails.jsf</to-view-id>
		</navigation-case>
	<!-- Ended By Adesh For Issue -->
	
	<!-- Start : Percent Part Resue -->
		<navigation-case>
			<description></description>
			<from-outcome>percentpartsearch</from-outcome>
			<to-view-id>/pages/cannedreports/percentpartsearch.jsf</to-view-id>
		</navigation-case>
		<navigation-case>
			<description></description>
			<from-outcome>percentpartreport</from-outcome>
			<to-view-id>/pages/cannedreports/percentpartreport.jsf</to-view-id>
		</navigation-case>
		<navigation-case>
			<description></description>
			<from-outcome>invalidpercentpartsearch</from-outcome>
			<to-view-id>/pages/cannedreports/invalidpercentpartsearch.jsf</to-view-id>
		</navigation-case>
	 <!-- End : Percent Part Resue -->
	 	
	 <!-- Part Trend Search -->
		<navigation-case>
			<description></description>
			<from-outcome>partTrendSearch</from-outcome>
			<to-view-id>/pages/cannedreports/partTrendsSearch.jsf</to-view-id>
		</navigation-case>

		<navigation-case>
			<description></description>
			<from-outcome>partTrendsInvalidSearch</from-outcome>
			<to-view-id>/pages/cannedreports/partTrendsInvalidSearch.jsf</to-view-id>
		</navigation-case>
		
		<navigation-case>
			<description></description>
			<from-outcome>partTrendReport</from-outcome>
			<to-view-id>/pages/cannedreports/partTrendsReportSearch.jsf</to-view-id>
		</navigation-case>
		<navigation-case>
			<from-outcome>partTrendPrint</from-outcome>
			<to-view-id>/pages/cannedreports/partTrendPrint.jsf</to-view-id>
		</navigation-case>
	<!-- End of Part Trend Search -->
	<!--  Added for Mbom Trends -->
		<navigation-case>
			<from-outcome>mbomtrendsearch</from-outcome>
			<to-view-id>/pages/cannedreports/mbomtrendsearch.jsf</to-view-id>
		</navigation-case>
		<navigation-case>
			<from-outcome>mbomtrendreport</from-outcome>
			<to-view-id>/pages/cannedreports/mbomtrendreport.jsf</to-view-id>
		</navigation-case>
		<navigation-case>
			<from-outcome>mbomtrendreportprint</from-outcome>
			<to-view-id>/pages/cannedreports/mbomtrendreportprint.jsf</to-view-id>
		</navigation-case>
		<navigation-case>
			<from-outcome>invalidmbomtrendsearch</from-outcome>
			<to-view-id>/pages/cannedreports/invalidmbomtrendsearch.jsf</to-view-id>
		</navigation-case>
	<!--  Ended for Mbom Trends -->
	<!-- Start: Where Used Search -->
		<navigation-case>
			<from-outcome>whereUsedSearch</from-outcome>
			<to-view-id>/pages/cannedreports/whereUsedSearch.jsf</to-view-id>
		</navigation-case>
		
		<navigation-case>
			<from-outcome>whereUsedSearchReport</from-outcome>
			<to-view-id>/pages/cannedreports/whereUsedSearchReport.jsf</to-view-id>
		</navigation-case>

		<navigation-case>
			<from-outcome>invalidWhereUsedSearch</from-outcome>
			<to-view-id>/pages/cannedreports/invalidWhereUsedSearch.jsf</to-view-id>
		</navigation-case>
		<navigation-case>
			<from-outcome>whereUsedReport</from-outcome>
			<to-view-id>/pages/cannedreports/whereUsedReport.jsf</to-view-id>
		</navigation-case>
		<navigation-case>
			<from-outcome>whereUsedReportPrint</from-outcome>
			<to-view-id>/pages/cannedreports/whereUsedReportPrint.jsf</to-view-id>
		</navigation-case>
		
		
		<navigation-case>
			<from-outcome>whereUsedEMBOMSearch</from-outcome>
			<to-view-id>/pages/cannedreports/whereUsedEMBOMSearch.jsf</to-view-id>
		</navigation-case>
		<navigation-case>
			<from-outcome>whereUsedEMBOMReport</from-outcome>
			<to-view-id>/pages/cannedreports/whereUsedEMBOMReport.jsf</to-view-id>
		</navigation-case>
		<navigation-case>
			<from-outcome>whereUsedBMMLEmbomReport</from-outcome>
			<to-view-id>/pages/cannedreports/whereUsedBMLLEbomReport.jsf</to-view-id>
		</navigation-case>
		<navigation-case>
			<from-outcome>whereUsedEMBOMReportPrint</from-outcome>
			<to-view-id>/pages/cannedreports/whereUsedEMBOMReportPrint.jsf</to-view-id>
		</navigation-case>
		<navigation-case>
			<from-outcome>whereUsedEMBOMPartPopup</from-outcome>
			<to-view-id>/pages/cannedreports/partPopup.jsf</to-view-id>
		</navigation-case>
		<navigation-case>
			<from-outcome>whereUsedEMBOMDwgPopup</from-outcome>
			<to-view-id>/pages/cannedreports/dwgPopup.jsf</to-view-id>
		</navigation-case>
		
		
		<navigation-case>
			<from-outcome>whereUsedLogicalIndicatorSearch</from-outcome>
			<to-view-id>/pages/cannedreports/whereUsedLogicalIndicatorSearch.jsf</to-view-id>
		</navigation-case>
		<navigation-case>
			<from-outcome>whereUsedLogicalIndicatorReport</from-outcome>
			<to-view-id>/pages/cannedreports/whereUsedLogicalIndicatorReport.jsf</to-view-id>
		</navigation-case>
		<navigation-case>
			<from-outcome>whereUsedLogicalIndicatorReportPrint</from-outcome>
			<to-view-id>/pages/cannedreports/whereUsedLogicalIndicatorPrint.jsf</to-view-id>
		</navigation-case>
		<navigation-case>
			<from-outcome>invalidLogicalIndicator</from-outcome>
			<to-view-id>/pages/cannedreports/invalidLogicalIndicator.jsf</to-view-id>
		</navigation-case>
		
		<!-- For cmuSmlrToPrjSrchRptHome -->
		<navigation-case>
			<from-outcome>cmuSmlrToPrjSrchRptHome</from-outcome>
			<to-view-id>/pages/cannedreports/cmuSmlrToPrjSrchRptHome.jsf</to-view-id>
		</navigation-case>
		<navigation-case>
			<from-outcome>cmuSmlrToPrjSrchRptHomeDetails</from-outcome>
			<to-view-id>/pages/cannedreports/cmuSimilarToPrjSearchDetails.jsf</to-view-id>
		</navigation-case>
	</navigation-rule>
	<!-- End: Where Used Search -->
	
	<!-- Start : Admin Pages -->
	<navigation-rule>
		<from-view-id>*</from-view-id>

		<navigation-case>
			<from-outcome>homePage</from-outcome>
			<to-view-id>/pages/cannedreports/adminHomePage.jsf</to-view-id>
		</navigation-case>

		<navigation-case>
			<from-outcome>showusers</from-outcome>
			<to-view-id>/pages/cannedreports/admuser.jsf</to-view-id>
		</navigation-case>

		<navigation-case>
			<from-outcome>showgroups</from-outcome>
			<to-view-id>/pages/cannedreports/admgroup.jsf</to-view-id>
		</navigation-case>


		<navigation-case>
			<from-outcome>SystemLogs</from-outcome>
			<to-view-id>/pages/cannedreports/plmsystemlogs.jsf</to-view-id>
		</navigation-case>

		<navigation-case>
			<from-outcome>maintainws</from-outcome>
			<to-view-id>/pages/cannedreports/plmmaintainws.jsf</to-view-id>
		</navigation-case>


		<navigation-case>
			<from-outcome>requestacc</from-outcome>
			<to-view-id>/pages/cannedreports/plmrequestaccount.jsf</to-view-id>
		</navigation-case>


		<navigation-case>
			<from-outcome>reqRaised</from-outcome>
			<to-view-id>/pages/accountreqmsg.jsf</to-view-id>
		</navigation-case>

	</navigation-rule>

	<!-- End : Admin Pages -->
	
<!-- Start : ABIT Search -->
<navigation-rule>

<navigation-case>
  <from-outcome>abitsearch</from-outcome> 
  <to-view-id>/pages/cannedreports/abitSearch.jsf</to-view-id> 
 </navigation-case>
 
<navigation-case>
 <from-outcome>abitsearchresult</from-outcome> 
  <to-view-id>/pages/cannedreports/abitSearchResult.jsf</to-view-id> 
 </navigation-case>

<navigation-case>
  <from-outcome>abitSearchResultPrint</from-outcome> 
  <to-view-id>/pages/cannedreports/abitSearchResultPrint.jsf</to-view-id> 
</navigation-case>

<navigation-case>
  <from-outcome>norecordsabit</from-outcome> 
  <to-view-id>/pages/cannedreports/noRecordsAbit.jsf</to-view-id> 
</navigation-case>
  
</navigation-rule>
<!-- End : ABIT Search -->

<!-- Start : BomCopics Validation -->
<navigation-rule>
	<navigation-case>
	  <from-outcome>bomCopicsValidation</from-outcome> 
	  <to-view-id>/pages/cannedreports/bomCopicsValidation.jsf</to-view-id> 
	</navigation-case>
</navigation-rule>
<!-- End : BomCopics Search -->

<!-- Start : errorPage JSP -->
<navigation-rule>
<navigation-case>
	  <from-outcome>lttrSearch</from-outcome> 
	  <to-view-id>/pages/cannedreports/lttrSearch.jsf</to-view-id> 
	</navigation-case>
</navigation-rule>
<!-- End : LTTR Report -->

<!-- Start : PDDR Report -->
<navigation-rule>
<navigation-case>
	  <from-outcome>pddrSearch</from-outcome> 
	  <to-view-id>/pages/cannedreports/pddrSearch.jsf</to-view-id> 
	</navigation-case>
</navigation-rule>
<!-- End : PDDR Report -->

<!-- Start : OMM Report -->
<navigation-rule>
<navigation-case>
	  <from-outcome>ommReportSearch</from-outcome> 
	  <to-view-id>/pages/cannedreports/ommReportSearch.jsf</to-view-id> 
	</navigation-case>
</navigation-rule>
<!-- End : OMM Report -->

<!-- Start : errorPage JSP -->
<navigation-rule>
<navigation-case>
	<from-outcome>forwardToErrorPage</from-outcome>
	<to-view-id>/pages/cannedreports/errorPage.jsf</to-view-id>
</navigation-case>  
</navigation-rule>
<!-- End : errorPage JSP -->

<navigation-rule>
		
		<navigation-case>
			<from-outcome>taskSearchSuccePreresultsPrint</from-outcome>
			<to-view-id>/pages/cannedreports/taskSearchSuccePreresultsPrint.jsf</to-view-id>
		</navigation-case>
</navigation-rule>

<navigation-rule>
		<from-view-id>*</from-view-id>
		<navigation-case>
                  <from-outcome>exploresbom</from-outcome>
                  <to-view-id>/pages/cannedreports/pddrexplorer.jsf</to-view-id>
            </navigation-case>
</navigation-rule>	


<navigation-rule>
		<from-view-id>*</from-view-id>
		<navigation-case>
                  <from-outcome>prjchngSmry</from-outcome>
                  <to-view-id>/pages/cannedreports/prjchngSmry.jsf</to-view-id>
            </navigation-case>
		<navigation-case>
			<from-outcome>invalidhdrsearch</from-outcome>
			<to-view-id>/pages/cannedreports/prjChngInvalid.jsf</to-view-id>
		</navigation-case>
		<navigation-case>
            <from-outcome>prjchngSmryDtls</from-outcome>
            <to-view-id>/pages/cannedreports/prjchngSmryDtls.jsf</to-view-id>
        </navigation-case>
        
         <navigation-case>
            <from-outcome>prjChngInvalidContract</from-outcome>
            <to-view-id>/pages/cannedreports/prjChngInvalidContract.jsf</to-view-id>
        </navigation-case>
       
        <navigation-case>
            <from-outcome>prjchngSearch</from-outcome>
            <to-view-id>/pages/cannedreports/prjchngSearch.jsf</to-view-id>
        </navigation-case>
       
</navigation-rule>	

<!-- Added by Lakshmi for UC-16 -->
<navigation-rule>
		
		<navigation-case>
			<from-outcome>whereUsedmfTFReportSearch</from-outcome>
			<to-view-id>/pages/cannedreports/whereUsedmfTFReportSearch.jsf</to-view-id>
		</navigation-case>
		
		<navigation-case>
			<from-outcome>mftfSearchReport</from-outcome>
			<to-view-id>/pages/cannedreports/mftfSearchReport.jsf</to-view-id>
		</navigation-case>
		
		<navigation-case>
			<from-outcome>mftfInvalidSearch</from-outcome>
			<to-view-id>/pages/cannedreports/mftfInvalidSearch.jsf</to-view-id>
		</navigation-case>
		
			
</navigation-rule>

<!-- Start : BOM Vs Sales Report -->
<navigation-rule>
<navigation-case>
	  <from-outcome>bomVsSalesReportSearch</from-outcome> 
	  <to-view-id>/pages/cannedreports/bomVsSalesReportSearch.jsf</to-view-id> 
	</navigation-case>
</navigation-rule>
<!-- End : BOM Vs Sales Report -->


<!-- Start : Cost Change Summary -->
<navigation-rule>
<navigation-case>
	  <from-outcome>costchngSearch</from-outcome> 
	  <to-view-id>/pages/cannedreports/costchngSearch</to-view-id> 
	</navigation-case>
</navigation-rule>
<!-- End : Cost Change Summary -->


<!-- Start : Contract Summary Report -->
<navigation-rule>
<navigation-case>
	  <from-outcome>contractSummaryReport</from-outcome> 
	  <to-view-id>/pages/cannedreports/contractsmryreprtsearch</to-view-id> 
</navigation-case>
<navigation-case>
	  <from-outcome>contractsmryreprtdetails</from-outcome> 
	  <to-view-id>/pages/cannedreports/contractsmryreprtdetails</to-view-id> 
</navigation-case>
</navigation-rule>
<!-- End : Contract Summary Report -->

<!-- Start : Where Used Report -->
<navigation-rule>
<navigation-case>
	  <from-outcome>whereUsedReqSearch</from-outcome> 
	  <to-view-id>/pages/cannedreports/whereUsedReqSearch</to-view-id> 
	</navigation-case>
	
	<navigation-case>
		  <from-outcome>whereUsedReqReport</from-outcome> 
	  <to-view-id>/pages/cannedreports/whereUsedReqReport</to-view-id> 
	</navigation-case>
	
	<navigation-case>
	  <from-outcome>invalidWhereUsedReq</from-outcome> 
	  <to-view-id>/pages/cannedreports/invalidWhereUsedReq</to-view-id> 
	</navigation-case>
		
</navigation-rule>
<!-- End : Where Used Report  -->

<!-- Start : MBOM Vs Sales Report -->
<navigation-rule>
<navigation-case>
	  <from-outcome>mbomVsSalesReportSearch</from-outcome> 
	  <to-view-id>/pages/cannedreports/mbomVsSalesReportSearch.jsf</to-view-id> 
	</navigation-case>
</navigation-rule>
<!-- End : MBOM Vs Sales Report -->

<!-- Start : DWG DASHBOARD Report -->
<navigation-rule>
<navigation-case>
	  <from-outcome>dashboardContract</from-outcome> 
	  <to-view-id>/pages/cannedreports/dashboardContractSelection.jsf</to-view-id> 
	</navigation-case>
</navigation-rule>
<navigation-rule>
<navigation-case>
	  <from-outcome>dashboardreport</from-outcome> 
	  <to-view-id>/pages/cannedreports/dashboardReport.jsf</to-view-id> 
	</navigation-case>
</navigation-rule>
<navigation-rule>
<navigation-case>
	  <from-outcome>dashboardDetailReport</from-outcome> 
	  <to-view-id>/pages/cannedreports/dashboardDetailReport.jsf</to-view-id> 
	</navigation-case>
</navigation-rule>
 <navigation-rule>
		<navigation-case>
			<from-outcome>invalidDashboard</from-outcome>
			<to-view-id>/pages/cannedreports/invalidDashboard.jsf</to-view-id>
		</navigation-case>
</navigation-rule>
<!-- End : DWG DASHBOARD Report -->
	
<!-- Start : GBOM Report -->
<navigation-rule>
<navigation-case>
	  <from-outcome>gbomReportSearch</from-outcome> 
	  <to-view-id>/pages/cannedreports/gbomReportSearch.jsf</to-view-id> 
	</navigation-case>
</navigation-rule>
<navigation-rule>
<navigation-case>
	  <from-outcome>gbomSearchResult</from-outcome> 
	  <to-view-id>/pages/cannedreports/gbomSearchResult.jsf</to-view-id> 
	</navigation-case>
</navigation-rule>
<!-- End : GBOM Report -->
	<!-- Added by srnivas for FMI Manage Text-->
	 <navigation-rule>
         <navigation-case>
	      <from-outcome>fmiManangeTxt</from-outcome> 
	      <to-view-id>/pages/cannedreports/fmiManangeTxt.jsf</to-view-id> 
	     </navigation-case>
		
	    <navigation-case>
			<from-outcome>invalidfmiManagetext</from-outcome>
			<to-view-id>/pages/cannedreports/invalidfmiManagetext.jsf</to-view-id>
	  	</navigation-case>
	  	
	  	  <navigation-case>
			<from-outcome>fmiManageErroExcel</from-outcome>
			<to-view-id>/pages/cannedreports/fmiManageErroExcel.jsf</to-view-id>
	  	</navigation-case>
	  	
	  	<navigation-case>
	      <from-outcome>fmiManageAddTxt</from-outcome> 
	      <to-view-id>/pages/cannedreports/fmiManageAddTxt.jsf</to-view-id> 
	    </navigation-case>
	 </navigation-rule>
	
<!-- Start : Environment Compliance Report  -->
<navigation-rule> 
  <navigation-case>
	  <from-outcome>envComplianceSearchRpt</from-outcome> 
	  <to-view-id>/pages/cannedreports/envComplianceSearchRpt</to-view-id> 
  </navigation-case>
</navigation-rule>
   <!-- End : Environment Compliance Report  -->

	  
	 <!-- Start : Contract Summary On screen Report -->
<navigation-rule>
	<navigation-case>
		  <from-outcome>contractSmrySearch</from-outcome> 
		  <to-view-id>/pages/cannedreports/contractSmrySearch</to-view-id> 
	</navigation-case>
	<navigation-case>
		  <from-outcome>contractSmryReport</from-outcome> 
		  <to-view-id>/pages/cannedreports/contractSmryReport</to-view-id> 
	</navigation-case>
	
</navigation-rule>
<!-- End : Contract Summary On screen Report  -->

	 
	 <!-- Start : Cost Cycle Summary Report -->
	<navigation-rule>
		<navigation-case>
			<from-outcome>costCycleSmry</from-outcome>
			<to-view-id>/pages/cannedreports/costCycleSmrySearch.jsf</to-view-id>
		</navigation-case>
	</navigation-rule>
	
	<navigation-rule>
		<navigation-case>
			<from-outcome>costCycleSmryResult</from-outcome>
			<to-view-id>/pages/cannedreports/costCycleSmryResult.jsf</to-view-id>
		</navigation-case>
	</navigation-rule>
	
	
<!-- End : Cost Cycle Summary Report -->

<!-- Start : Feature Impact Report -->
<navigation-rule>
	<navigation-case>
	  <from-outcome>featImptReptSearch</from-outcome> 
	  <to-view-id>/pages/cannedreports/featImptReptSearch.jsf</to-view-id> 
	</navigation-case>
	
	<navigation-case>
	  <from-outcome>featImptReptOnScreen</from-outcome> 
	  <to-view-id>/pages/cannedreports/featImptReptOnScreen.jsf</to-view-id> 
	</navigation-case>
</navigation-rule>


<!-- End : Feature Impact Report -->

 <!-- Start : Contract Info Report   -->
 
 <navigation-rule>
	
	<navigation-case>
	  <from-outcome>contractInfoSearchRpt</from-outcome> 
	  <to-view-id>/pages/cannedreports/contractInfoSearchRpt.jsf</to-view-id> 
	</navigation-case>

</navigation-rule>
  <!-- End : Contract Info Report   -->

     <!-- Start : Project Summary Report   -->
 
 <navigation-rule>
	<navigation-case>
	  <from-outcome>projectSmrySearchRpt</from-outcome> 
	  <to-view-id>/pages/cannedreports/projectSmrySearchRpt.jsf</to-view-id> 
	</navigation-case>
</navigation-rule>
  <!-- End :  Project Summary Report  -->
  
  <!-- Start for Part Cost Catalog Report -->
  
   <navigation-rule>
	
	<navigation-case>
	  <from-outcome>partCostCatalogSearch</from-outcome> 
	  <to-view-id>/pages/cannedreports/partCostCatalogSearch.jsf</to-view-id> 
	</navigation-case>
		<navigation-case>
	  <from-outcome>partCostCatalogReport</from-outcome> 
	  <to-view-id>/pages/cannedreports/partCostCatalogReport.jsf</to-view-id> 
	</navigation-case>
	
	<navigation-case>
	  <from-outcome>invalidpartCostCatlg</from-outcome> 
	  <to-view-id>/pages/cannedreports/invalidpartCostCatlg.jsf</to-view-id> 
	</navigation-case>
	
</navigation-rule>
  
  <!-- End for Part Cost Catalog Report -->
  
  
   <!-- Start for CR Report -->
  
   <navigation-rule>
	
	<navigation-case>
	  <from-outcome>crReportSearch</from-outcome> 
	  <to-view-id>/pages/cannedreports/crReportSearch.jsf</to-view-id> 
	</navigation-case>
	<navigation-case>
	  <from-outcome>crReportDetails</from-outcome> 
	  <to-view-id>/pages/cannedreports/crReportDetails.jsf</to-view-id> 
	</navigation-case>
	<navigation-case>
	  <from-outcome>invalidCRReport</from-outcome> 
	  <to-view-id>/pages/cannedreports/invalidCRReport.jsf</to-view-id> 
	</navigation-case>
		<navigation-case>
	  <from-outcome>crReportResults</from-outcome> 
	  <to-view-id>/pages/cannedreports/crReportResults.jsf</to-view-id> 
	</navigation-case>
	<navigation-case>
	  <from-outcome>invalidCRDetails</from-outcome> 
	  <to-view-id>/pages/cannedreports/invalidCRDetails.jsf</to-view-id> 
	</navigation-case>
	
	
	
</navigation-rule>
  
  <!-- End for Part CR Report -->
  
   <!-- Start for FMI New Unit -->
  
   <navigation-rule>
	<navigation-case>
	  <from-outcome>fmiNewUnitSearch</from-outcome> 
	  <to-view-id>/pages/cannedreports/fmiNewUnitSearch.jsf</to-view-id> 
	</navigation-case>
</navigation-rule>
  
  <!-- End for  FMI New Unit -->
  
  <!-- Start : Part Family-Interface Attribute Report -->
<navigation-rule>
	<navigation-case>
	  <from-outcome>partFamilyIntAttrSearch</from-outcome> 
	  <to-view-id>/pages/cannedreports/partFamilyIntAttrSearch.jsf</to-view-id> 
	</navigation-case>
</navigation-rule>
<navigation-rule>
	<navigation-case>
	  <from-outcome>partFamilyIntAttrResult</from-outcome> 
	  <to-view-id>/pages/cannedreports/partFamilyIntAttrResult.jsf</to-view-id> 
	</navigation-case>
</navigation-rule>
<navigation-rule>
	<navigation-case>
	  <from-outcome>invalidPartCycle</from-outcome> 
	  <to-view-id>/pages/cannedreports/invalidPartCycle.jsf</to-view-id> 
	</navigation-case>
</navigation-rule>
<!-- End : Part Family-Interface Attribute Report -->


<!-- Start : Deliverable Review Tool Report -->
<navigation-rule>
	<navigation-case>
	  <from-outcome>deliverablesReview</from-outcome> 
	  <to-view-id>/pages/cannedreports/deliverablesReview.jsf</to-view-id> 
	</navigation-case>
</navigation-rule>
<!-- End : Deliverable Review Tool Report -->
  
<!-- Start : FMI Applicability Report -->
<navigation-rule>
	<navigation-case>
	  <from-outcome>fmiAppRpt</from-outcome> 
	  <to-view-id>/pages/cannedreports/fmiAppRpt.jsf</to-view-id> 
	</navigation-case>
	
	<navigation-case>
	  <from-outcome>fmiAppRptDetails</from-outcome> 
	  <to-view-id>/pages/cannedreports/fmiAppRptDetails.jsf</to-view-id> 
	</navigation-case>
	
</navigation-rule>
<!-- End : FMI Applicability Report -->
  
  
  <!-- Start : BOM Similarity Report -->
<navigation-rule>
	<navigation-case>
	  <from-outcome>bomSimilaritySrchRpt</from-outcome> 
	  <to-view-id>/pages/cannedreports/bomSimilaritySrchRpt.jsf</to-view-id> 
	</navigation-case>
</navigation-rule>
<!-- End : BOM Similarity Report  -->

  <!-- Start : EPE BA BOM report -->
<navigation-rule>
	<navigation-case>
	  <from-outcome>epeBABomReport</from-outcome> 
	  <to-view-id>/pages/cannedreports/epeBABomReport.jsf</to-view-id> 
	</navigation-case>
</navigation-rule>
<!-- End : EPE BA BOM report  -->

<!-- Start : DRL Report -->
<navigation-rule>
	<navigation-case>
	  <from-outcome>drlReportSearch</from-outcome> 
	  <to-view-id>/pages/cannedreports/drlReportSearch.jsf</to-view-id> 
	</navigation-case>
</navigation-rule>
<navigation-rule>
	<navigation-case>
	  <from-outcome>drlReportResult</from-outcome> 
	  <to-view-id>/pages/cannedreports/drlReportResult.jsf</to-view-id> 
	</navigation-case>
</navigation-rule>

<navigation-rule>
	<navigation-case>
	  <from-outcome>invalidDrlReport</from-outcome> 
	  <to-view-id>/pages/cannedreports/invalidDrlReport.jsf</to-view-id> 
	</navigation-case>
</navigation-rule>
<!-- End : DRL Report -->

<!-- Start : impact Analysis -->

<navigation-rule>
	<navigation-case>
	  <from-outcome>impactAnalysisMenuTab</from-outcome> 
	  <to-view-id>/pages/cannedreports/impactAnalysisMenuTab.jsf</to-view-id> 
	</navigation-case>
</navigation-rule>

<navigation-rule>
	<navigation-case>
	  <from-outcome>impactAnalysis</from-outcome> 
	  <to-view-id>/pages/cannedreports/impactAnalysis.jsf</to-view-id> 
	</navigation-case>
</navigation-rule>

<navigation-rule>
	<navigation-case>
	  <from-outcome>invalidImpactReport</from-outcome> 
	  <to-view-id>/pages/cannedreports/invalidImpactReport.jsf</to-view-id> 
	</navigation-case>
</navigation-rule>
<!-- End : impact Analysis -->

  <!-- Start : EKPI-Cost of Eng. Change Process -->
<navigation-rule>
	<navigation-case>
	  <from-outcome>kpiCostEngSearch</from-outcome> 
	  <to-view-id>/pages/cannedreports/kpiCostEngSearch.jsf</to-view-id> 
	</navigation-case>
</navigation-rule>


<navigation-rule>
	<navigation-case>
	  <from-outcome>kpiCostEngReport</from-outcome> 
	  <to-view-id>/pages/cannedreports/kpiCostEngReport.jsf</to-view-id> 
	</navigation-case>
</navigation-rule>

<navigation-rule>
	<navigation-case>
	  <from-outcome>invalidkpiCostEngRpt</from-outcome> 
	  <to-view-id>/pages/cannedreports/invalidkpiCostEngRpt.jsf</to-view-id> 
	</navigation-case>
</navigation-rule>
<!-- End : KPI-Cost of Eng. Change Process  -->

<!-- Start : Cycle Time Report -->
	<navigation-rule>
		<navigation-case>
		  <from-outcome>cycleTimeReportSearch</from-outcome> 
		  <to-view-id>/pages/cannedreports/cycleTimeReportSearch.jsf</to-view-id> 
		</navigation-case>
	</navigation-rule>
	<navigation-rule>
		<navigation-case>
		  <from-outcome>cycleTimeReportResult</from-outcome> 
		  <to-view-id>/pages/cannedreports/cycleTimeReportResult.jsf</to-view-id> 
		</navigation-case>
		
	<navigation-case>
		  <from-outcome>invalidcycleTime</from-outcome> 
		  <to-view-id>/pages/cannedreports/invalidcycleTime.jsf</to-view-id> 
	</navigation-case>
	</navigation-rule>
<!-- End : Cycle Time Report -->

<!-- Start : Where Used - CAS Substance Report -->
<navigation-rule>
	<navigation-case>
	  <from-outcome>whUsedCASSubstanceSearch</from-outcome> 
	  <to-view-id>/pages/cannedreports/whUsedCASSubstanceSearch.jsf</to-view-id> 
	</navigation-case>
</navigation-rule>

<!-- End : Where Used - CAS Substance Report -->

<!-- Start : Cycle Time Report by product Line -->
<navigation-rule>
	<navigation-case>
	  <from-outcome>cycleTimePartsPrdSearch</from-outcome> 
	  <to-view-id>/pages/cannedreports/cycleTimePartsPrdSearch.jsf</to-view-id> 
	</navigation-case>
	
	<navigation-case>
	  <from-outcome>cycleTimePartsPrdReport</from-outcome> 
	  <to-view-id>/pages/cannedreports/cycleTimePartsPrdReport.jsf</to-view-id> 
	</navigation-case>	
		
	<navigation-case>
	  <from-outcome>cycleTimePartsPrdDetail</from-outcome> 
	  <to-view-id>/pages/cannedreports/cycleTimePartsPrdDetail.jsf</to-view-id> 
	</navigation-case>
	
	<navigation-case>
	  <from-outcome>invalidcycleTimePrd</from-outcome> 
	  <to-view-id>/pages/cannedreports/invalidcycleTimePrd.jsf</to-view-id> 
	</navigation-case>
	
	<navigation-case>
	  <from-outcome>invalidcycleTimePrdDet</from-outcome> 
	  <to-view-id>/pages/cannedreports/invalidcycleTimePrdDet.jsf</to-view-id> 
	</navigation-case>

</navigation-rule>

<!-- End : Cycle Time Report by product Line  -->

<!-- Start : Generator SO Kit Report -->
<navigation-rule>
	<navigation-case>
	  <from-outcome>genSOKitRptSearch</from-outcome> 
	  <to-view-id>/pages/cannedreports/genSOKitRptSearch.jsf</to-view-id> 
	</navigation-case>
</navigation-rule>

<!-- End : Generator SO Kit Report -->

<!-- Start : Customer Document Report -->
<navigation-rule>
	<navigation-case>
	  <from-outcome>custDocReportSearch</from-outcome> 
	  <to-view-id>/pages/cannedreports/custDocReportSearch.jsf</to-view-id> 
	</navigation-case>
</navigation-rule>

<navigation-rule>
	<navigation-case>
	  <from-outcome>custDocReportResult</from-outcome> 
	  <to-view-id>/pages/cannedreports/custDocReportResult.jsf</to-view-id> 
	</navigation-case>
</navigation-rule>

<navigation-rule>
	<navigation-case>
	  <from-outcome>invalidCustDoc</from-outcome> 
	  <to-view-id>/pages/cannedreports/invalidCustDoc.jsf</to-view-id> 
	</navigation-case>
</navigation-rule>

<!-- End : Customer Document Report -->

<!-- Start : TC5 Relations -->
<navigation-rule>
	<navigation-case>
	  <from-outcome>tc5RltnsRptSearch</from-outcome> 
	  <to-view-id>/pages/cannedreports/tc5RltnsRptSearch.jsf</to-view-id> 
	</navigation-case>
</navigation-rule>

<navigation-rule>
	<navigation-case>
	  <from-outcome>tc5RltnsRptResult</from-outcome> 
	  <to-view-id>/pages/cannedreports/tc5RltnsRptResult.jsf</to-view-id> 
	</navigation-case>
</navigation-rule>

<navigation-rule>
	<navigation-case>
	  <from-outcome>invalidtc5RltnsRpt</from-outcome> 
	  <to-view-id>/pages/cannedreports/invalidtc5RltnsRpt.jsf</to-view-id> 
	</navigation-case>
</navigation-rule>

<!-- End : TC5 Relations -->


<!-- Start : TC5 MLI Report -->
<navigation-rule>
	<navigation-case>
	  <from-outcome>tc5MliRptSearch</from-outcome> 
	  <to-view-id>/pages/cannedreports/tc5MliRptSearch.jsf</to-view-id> 
	</navigation-case>
</navigation-rule>
<navigation-rule>
	<navigation-case>
	  <from-outcome>tc5MliRptResult</from-outcome> 
	  <to-view-id>/pages/cannedreports/tc5MliRptResult.jsf</to-view-id> 
	</navigation-case>
</navigation-rule>
<navigation-rule>
	<navigation-case>
	  <from-outcome>invalidTc5Mli</from-outcome> 
	  <to-view-id>/pages/cannedreports/invalidTc5Mli.jsf</to-view-id> 
	</navigation-case>
</navigation-rule>
<!-- End : TC5 MLI Report -->

<!-- Start : TC5 FULL BOM Report -->
<navigation-rule>
	<navigation-case>
	  <from-outcome>tc5FullBOMSearch</from-outcome> 
	  <to-view-id>/pages/cannedreports/tc5FullBOMSearch.jsf</to-view-id> 
	</navigation-case>
</navigation-rule>

<!-- End : TC5 FULL BOM Report -->

<!-- Start : TC5 Where Used Report -->
<navigation-rule>
	<navigation-case>
	  <from-outcome>tc5WhereUsedSearch</from-outcome> 
	  <to-view-id>/pages/cannedreports/tc5WhereUsedSearch.jsf</to-view-id> 
	</navigation-case>
</navigation-rule>

<!-- End : TC5 Where Used Report -->

<navigation-rule>
	<navigation-case>
	  <from-outcome>nsFlLst</from-outcome> 
	  <to-view-id>/pages/cannedreports/nsFlLst.jsf</to-view-id> 
	</navigation-case>
</navigation-rule>

<!-- Start : Config Feat Opt Report -->
	<navigation-rule>
		<navigation-case>
		  <from-outcome>configFeatOptSearch</from-outcome> 
		  <to-view-id>/pages/cannedreports/configFeatOptSearch.jsf</to-view-id> 
		</navigation-case>
	
		<navigation-case>
		  <from-outcome>configFeatOptResult</from-outcome> 
		  <to-view-id>/pages/cannedreports/configFeatOptResult.jsf</to-view-id> 
		</navigation-case>
	
		<navigation-case>
		  <from-outcome>invalidCFO</from-outcome> 
		  <to-view-id>/pages/cannedreports/invalidCFO.jsf</to-view-id> 
		</navigation-case>
		
	</navigation-rule>
	<!-- End : Config Feat Opt Report -->
	
	<!-- Start : Steam Gen Deliverable Report- -->
	<navigation-rule>
	
		<navigation-case>
		  <from-outcome>stGenDelvrblRpt</from-outcome> 
		  <to-view-id>/pages/cannedreports/stGenDelvrblRpt.jsf</to-view-id> 
		</navigation-case>
	
	</navigation-rule>
	<!-- End : Steam Gen Deliverable Report- -->

	<!-- Start : CF CR PRS Report- -->
	<navigation-rule>
		<navigation-case>
		  <from-outcome>cfcrprsSearch</from-outcome> 
		  <to-view-id>/pages/cannedreports/cfcrprsSearch.jsf</to-view-id> 
		</navigation-case>
	
		<navigation-case>
		  <from-outcome>cfcrprsReport</from-outcome> 
		  <to-view-id>/pages/cannedreports/cfcrprsReport.jsf</to-view-id> 
		</navigation-case>
	</navigation-rule>
	<!-- End : CF CR PRS Report- -->
	
			<!-- Start : MBOM PDDR Report- -->
	<navigation-rule>
		<navigation-case>
		  <from-outcome>mbomPddrSearch</from-outcome> 
		  <to-view-id>/pages/cannedreports/mbomPddrSearch.jsf</to-view-id> 
		</navigation-case>
	</navigation-rule>
	<!-- End : MBOM PDDR Report- -->
	
	<!-- Start : OMM MBOM Report -->
	<navigation-rule>
	    <navigation-case>
		  <from-outcome>ommMBomRptSearch</from-outcome> 
		  <to-view-id>/pages/cannedreports/ommMBomRptSearch.jsf</to-view-id> 
		</navigation-case>
	</navigation-rule>
	<!-- End : OMM MBOM Report -->

	<!-- Start : BOM Defect Report (CMU)-->
	<navigation-rule>
	    <navigation-case>
		  <from-outcome>bomDefectRpt</from-outcome> 
		  <to-view-id>/pages/cannedreports/bomDefectRpt.jsf</to-view-id> 
		</navigation-case>
	</navigation-rule>
	<!-- End : BOM Defect Report (CMU) -->
	
	<!-- Start : Compare EBOM to MBOM Report -->
	<navigation-rule>
	    <navigation-case>
		  <from-outcome>ebomToMbomCompare</from-outcome> 
		  <to-view-id>/pages/cannedreports/ebomToMbomCompare.jsf</to-view-id> 
		</navigation-case>
	</navigation-rule>
	<!-- End : Compare EBOM to MBOM Report -->
	
		<!-- Start : Product CF QL Comparison -->
	<navigation-rule>
	    <navigation-case>
		  <from-outcome>prdCfQlCompareSrch</from-outcome> 
		  <to-view-id>/pages/cannedreports/prdCfQlCompareSrch.jsf</to-view-id> 
		</navigation-case>
		
		 <navigation-case>
		  <from-outcome>prdCfQlCompareRpt</from-outcome> 
		  <to-view-id>/pages/cannedreports/prdCfQlCompareRpt.jsf</to-view-id> 
		</navigation-case>
		
	</navigation-rule>
	<!-- End : Product CF QL Comparison -->

	  <!-- Start : Part Family-Attribute Master Report -->
<navigation-rule>
	<navigation-case>
	  <from-outcome>partFamilyAttrMastrSearch</from-outcome> 
	  <to-view-id>/pages/cannedreports/partFamilyAttrMastrSearch.jsf</to-view-id> 
	</navigation-case>
</navigation-rule>
<navigation-rule>
	<navigation-case>
	  <from-outcome>invalidPartCycle</from-outcome> 
	  <to-view-id>/pages/cannedreports/invalidPartCycle.jsf</to-view-id> 
	</navigation-case>
</navigation-rule>
<!-- End : Part Family-Interface Attribute Report -->

  <!-- Start : Part Family Viewer -->
<navigation-rule>
		<navigation-case>
                  <from-outcome>partFamilyViewer</from-outcome>
                  <to-view-id>/pages/cannedreports/partFamilyViewer.jsf</to-view-id>
            </navigation-case>
</navigation-rule>	
  <!-- End : Part Family Viewer -->
  
    		<!-- Start : EBOM PDDR Report- -->
	<navigation-rule>
		<navigation-case>
		  <from-outcome>ebomPddrSearch</from-outcome> 
		  <to-view-id>/pages/cannedreports/ebomPddrSearch.jsf</to-view-id> 
		</navigation-case>
	</navigation-rule>
	<!-- End : EBOM PDDR Report- -->
  <!-- Start : Boiler Report -->
<navigation-rule>
	<navigation-case>
	  <from-outcome>backlogRptHome</from-outcome> 
	  <to-view-id>/pages/cannedreports/backLogRptHome.jsf</to-view-id> 
	</navigation-case>
	<navigation-case>
	  <from-outcome>backlogRptHomeDetails</from-outcome> 
	  <to-view-id>/pages/cannedreports/backLogRptHomeDetails.jsf</to-view-id> 
	</navigation-case>
</navigation-rule>
<navigation-rule>
	<navigation-case>
	  <from-outcome>backlogShipBomRptHome</from-outcome> 
	  <to-view-id>/pages/cannedreports/backLogShipBomRptHome.jsf</to-view-id> 
	</navigation-case>
	<navigation-case>
	  <from-outcome>backlogShipBomRptHomeDetails</from-outcome> 
	  <to-view-id>/pages/cannedreports/backLogShipBomRptHomeDetails.jsf</to-view-id> 
	</navigation-case>
</navigation-rule>
<navigation-rule>
	<navigation-case>
	  <from-outcome>customerBomRpt</from-outcome> 
	  <to-view-id>/pages/cannedreports/customerBomRpt.jsf</to-view-id> 
	</navigation-case>
</navigation-rule>
<navigation-rule>
	<navigation-case>
	  <from-outcome>backlogShopBomRptHome</from-outcome> 
	  <to-view-id>/pages/cannedreports/backLogShopBomRptHome.jsf</to-view-id> 
	</navigation-case>
</navigation-rule>
<!-- End : Boiler Report  -->

  <!-- Start :   Aero BOM KPIs report -->
<navigation-rule>
	<navigation-case>
	  <from-outcome>plmCompleteEbomRptHome</from-outcome> 
	  <to-view-id>/pages/cannedreports/plmCompleteEbomRptHome.jsf</to-view-id> 
	</navigation-case>
	<navigation-case>
	  <from-outcome>plmCompleteEbomRptHomeDetails</from-outcome> 
	  <to-view-id>/pages/cannedreports/plmCompleteEbomRptHomeDetails.jsf</to-view-id> 
	</navigation-case>
</navigation-rule>
<navigation-rule>
	<navigation-case>
	  <from-outcome>plmCompatibilityRulesRptHome</from-outcome> 
	  <to-view-id>/pages/cannedreports/plmCompatibilityRulesRptHome.jsf</to-view-id> 
	</navigation-case>
	<navigation-case>
	  <from-outcome>plmCompatibilityRulesRptHomeDetails</from-outcome> 
	  <to-view-id>/pages/cannedreports/plmCompatibilityRulesRptHomeDetails.jsf</to-view-id> 
	</navigation-case>
</navigation-rule>
<navigation-rule>
	<navigation-case>
	  <from-outcome>plmMarketingPreferencesRptHome</from-outcome> 
	  <to-view-id>/pages/cannedreports/plmMarketingPreferencesRptHome.jsf</to-view-id> 
	</navigation-case>
	<navigation-case>
	  <from-outcome>plmMarketingPreferencesRptHomeDetails</from-outcome> 
	  <to-view-id>/pages/cannedreports/plmMarketingPreferencesRptHomeDetails.jsf</to-view-id> 
	</navigation-case>
</navigation-rule>
<navigation-rule>
	<navigation-case>
	  <from-outcome>areoLogicaReportSrch</from-outcome> 
	  <to-view-id>/pages/cannedreports/areoLogicaReportSrch.jsf</to-view-id> 
	</navigation-case>
	<navigation-case>
	  <from-outcome>areoConfigFeatureSrch</from-outcome> 
	  <to-view-id>/pages/cannedreports/areoConfigFeatureSrch.jsf</to-view-id> 
	</navigation-case>
</navigation-rule>
<!-- Start :   Aero BOM KPIs report -->
<!-- Start : Marketing Model Reports -->
<navigation-rule>
	<navigation-case>
	  <from-outcome>mktModelReqSearch</from-outcome> 
	  <to-view-id>/pages/cannedreports/mktModelReqSearch.jsf</to-view-id> 
	</navigation-case>
	<navigation-case>
	  <from-outcome>mktModelReqResult</from-outcome> 
	  <to-view-id>/pages/cannedreports/mktModelReqResult.jsf</to-view-id> 
	</navigation-case>
	<navigation-case>
	  <from-outcome>mktModelMFSearch</from-outcome> 
	  <to-view-id>/pages/cannedreports/mktModelMFSearch.jsf</to-view-id> 
	</navigation-case>
</navigation-rule>
<!-- End : Marketing Model Reports -->
<!-- Start : Project Scorecard Report -->
	<navigation-rule>
	    <navigation-case>
		  <from-outcome>prjScorecardSrch</from-outcome> 
		  <to-view-id>/pages/cannedreports/prjScorecardSrch.jsf</to-view-id> 
		</navigation-case>
	</navigation-rule>
	<!-- End : Project Scorecard Report -->
	<!-- Start : Contract Summary System Mapping -->
<navigation-rule>
	
	<navigation-case>
	  <from-outcome>addSystemMapping</from-outcome> 
	  <to-view-id>/pages/cannedreports/addContractSystemMapping.jsf</to-view-id> 
	</navigation-case>
	<navigation-case>
	  <from-outcome>assignSystemMapping</from-outcome> 
	  <to-view-id>/pages/cannedreports/assignSystemMapping.jsf</to-view-id> 
	</navigation-case>
	<navigation-case>
	  <from-outcome>assignSystemMappingDtls</from-outcome> 
	  <to-view-id>/pages/cannedreports/assignSystemMappingDtls.jsf</to-view-id> 
	</navigation-case>
</navigation-rule>

<!-- Start: Where Used Search BOM -->
<navigation-rule>
		<navigation-case>
			<from-outcome>whereUsedBOMSearch</from-outcome>
			<to-view-id>/pages/cannedreports/whereUsedBOMSearch.jsf</to-view-id>
		</navigation-case>
</navigation-rule>
<!-- Start: Where Used Search BOM -->		
</faces-config>