<?xml version="1.0" encoding="UTF-8"?>
<faces-config
    xmlns="http://java.sun.com/xml/ns/javaee"
    xmlns:xsi="http://www.w3.org/2001/XMLSchema-instance"
    xsi:schemaLocation="http://java.sun.com/xml/ns/javaee http://java.sun.com/xml/ns/javaee/web-facesconfig_2_0.xsd"
    version="2.0">
	<lifecycle>
		<phase-listener>com.geinfra.geaviation.pwi.util.BookmarkableLinkPhaseListener
		</phase-listener>
		<phase-listener>com.geinfra.geaviation.pwi.util.SearchKeywordPhaseListener
            </phase-listener>		
		<phase-listener>com.geinfra.geaviation.pwi.util.ClearSessionDataPhaseListener
		</phase-listener>
		<phase-listener>com.geinfra.geaviation.pwi.util.ImpactAnalysisPhaseListener
        </phase-listener>
	</lifecycle>
	<component>
		<component-type>qiQueriesSwap</component-type>
		<component-class>com.geinfra.geaviation.pwi.faces.UIQiQueriesSwap
		</component-class>
	</component>

	<component>
		<component-type>customizeTitle</component-type>
		<component-class>com.geinfra.geaviation.pwi.faces.UICustomizeTitle
		</component-class>
	</component>

	<component>
		<component-type>stylesheetLink</component-type>
		<component-class>com.geinfra.geaviation.pwi.faces.UIStylesheetLink
		</component-class>
	</component>

	<application>
		<variable-resolver>org.springframework.web.jsf.DelegatingVariableResolver
		</variable-resolver>
		<message-bundle>com.geinfra.geaviation.pwi.resources.message
		</message-bundle>
	</application>

	<component>
		<component-type>a</component-type>
		<component-class>com.geinfra.geaviation.pwi.faces.UIAnchor</component-class>
	</component>
	
		<component>
		<component-type>javascriptInclude</component-type>
		<component-class>com.geinfra.geaviation.pwi.faces.UIJavascriptInclude
		</component-class>
	</component>
	
	
	
	<!-- Added by subrajit -->
	<managed-bean>
		<managed-bean-name>rpttyperelationbean</managed-bean-name>
		<managed-bean-class>com.geinfra.geaviation.pwi.bean.RptTypeRelationBean</managed-bean-class>
		<managed-bean-scope>session</managed-bean-scope>
		<managed-property>
			<property-name>rptTypeRelationService</property-name>
			<value>#{rptTypeRelationService}</value>
		</managed-property>
		<managed-property>
			<property-name>queriesService</property-name>
			<value>#{qryService}</value>
		</managed-property>
	</managed-bean>
	
	<managed-bean>
		<managed-bean-name>rpttyperelmetadatautil</managed-bean-name>
		<managed-bean-class>com.geinfra.geaviation.pwi.bean.util.RptTypeRelMetaDataUtil</managed-bean-class>
		<managed-bean-scope>application</managed-bean-scope>
		<managed-property>
			<property-name>rptTypeRelationService</property-name>
			<value>#{rptTypeRelationService}</value>
		</managed-property>
	</managed-bean>
	<managed-bean>
		<managed-bean-name>rpttyperellistbean</managed-bean-name>
		<managed-bean-class>com.geinfra.geaviation.pwi.bean.RptTypeRelListBean</managed-bean-class>
		<managed-bean-scope>session</managed-bean-scope>
		<managed-property>
			<property-name>queriesService</property-name>
			<value>#{qryService}</value>
		</managed-property>
	</managed-bean>
	  <!-- ADDED BY Srinivas for Column Type Relation 30 Jan 2015-->
	<managed-bean>
		<managed-bean-name>rptTypeRelSetBean</managed-bean-name>
		<managed-bean-class>com.geinfra.geaviation.pwi.bean.RptTypeRelationSettingBean</managed-bean-class>
		<managed-bean-scope>session</managed-bean-scope>
		<managed-property>
			<property-name>rptTypeRelationService</property-name>
			<value>#{rptTypeRelationService}</value>
		</managed-property>
		<managed-property>
			<property-name>rpttyperelationbean</property-name>
			<value>#{rpttyperelationbean}</value>
		</managed-property>
	</managed-bean>
	<!-- <phase-listener>com.geinfra.geaviation.pwi.bean.util.RptTypeRelMetaDataUtil
		</phase-listener> -->
	
	
	<managed-bean>
		<managed-bean-name>loginBean</managed-bean-name>
		<managed-bean-class>com.geinfra.geaviation.pwi.bean.LogInBean
		</managed-bean-class>
		<managed-bean-scope>session</managed-bean-scope>
	</managed-bean>
	<managed-bean>
		<managed-bean-name>qiBean</managed-bean-name>
		<managed-bean-class>com.geinfra.geaviation.pwi.bean.QiBean
		</managed-bean-class>
		<managed-bean-scope>request</managed-bean-scope>
		<managed-property>
			<property-name>objectTypeService</property-name>
			<value>#{objectTypeService}</value>
		</managed-property>
		<managed-property>
			<property-name>qiService</property-name>
			<value>#{qiService}</value>
		</managed-property>
		<managed-property>
			<property-name>queriesService</property-name>
			<value>#{qryService}</value>
		</managed-property>
		<managed-property>
			<property-name>queryGroupService</property-name>
			<value>#{queryGroupService}</value>
		</managed-property>
	</managed-bean>

	<managed-bean>
		<managed-bean-name>adminQiSettingsBean</managed-bean-name>
		<managed-bean-class>com.geinfra.geaviation.pwi.bean.AdminQiSettingsBean
		</managed-bean-class>
		<managed-bean-scope>request</managed-bean-scope>
		<managed-property>
			<property-name>objectTypeService</property-name>
			<value>#{objectTypeService}</value>
		</managed-property>
		<managed-property>
			<property-name>qiService</property-name>
			<value>#{qiService}</value>
		</managed-property>
		<managed-property>
			<property-name>queriesService</property-name>
			<value>#{qryService}</value>
		</managed-property>
		<managed-property>
			<property-name>queryGroupService</property-name>
			<value>#{queryGroupService}</value>
		</managed-property>
	</managed-bean>

	<managed-bean>
		<managed-bean-name>queriesBean</managed-bean-name>
		<managed-bean-class>com.geinfra.geaviation.pwi.bean.QueriesBean
		</managed-bean-class>
		<managed-bean-scope>session</managed-bean-scope>
		<managed-property>
			<property-name>qryService</property-name>
			<value>#{qryService}</value>
		</managed-property>
		<managed-property>
			<property-name>querySubmissionService</property-name>
			<value>#{querySubmissionService}</value>
		</managed-property>
		<managed-property>
			<property-name>historyService</property-name>
			<value>#{historyService}</value>
		</managed-property>
        <managed-property>
            <property-name>customQueryService</property-name>
            <value>#{customQueryService}</value>
		</managed-property>
       <managed-property>
            <property-name>querySubmission</property-name>
            <value>#{queuedOnlineQuerySubmission}</value>
        </managed-property>
	</managed-bean>
	
	<managed-bean>
		<managed-bean-name>querySubmissionControllerBean</managed-bean-name>
		<managed-bean-class>com.geinfra.geaviation.pwi.bean.QuerySubmissionControllerBean
		</managed-bean-class>
		<managed-bean-scope>request</managed-bean-scope>
	</managed-bean>
	

		
	<managed-bean>
		<managed-bean-name>queryResultBean</managed-bean-name>
		<managed-bean-class>com.geinfra.geaviation.pwi.bean.QueryResultRequestBean
		</managed-bean-class>
		<managed-bean-scope>request</managed-bean-scope>
		<managed-property>
			<property-name>queriesService</property-name>
			<value>#{qryService}</value>
		</managed-property>
		<managed-property>
			<property-name>querySubmissionService</property-name>
			<value>#{querySubmissionService}</value>
		</managed-property>
		<managed-property>
			<property-name>historyService</property-name>
			<value>#{historyService}</value>
		</managed-property>
		<managed-property>
			<property-name>customQueryService</property-name>
			<value>#{customQueryService}</value>
		</managed-property>
		<managed-property>
			<property-name>objectTypeService</property-name>
			<value>#{objectTypeService}</value>
		</managed-property>
		<managed-property>
			<property-name>queryObjectTypeService</property-name>
			<value>#{queryObjectTypeService}</value>
		</managed-property>
	</managed-bean>
	
	<managed-bean>
		<managed-bean-name>queryResultXmlBean</managed-bean-name>
		<managed-bean-class>com.geinfra.geaviation.pwi.bean.QueryResultXmlRequestBean
		</managed-bean-class>
		<managed-bean-scope>request</managed-bean-scope>
		<managed-property>
			<property-name>queriesService</property-name>
			<value>#{qryService}</value>
		</managed-property>
		<managed-property>
			<property-name>querySubmissionService</property-name>
			<value>#{querySubmissionService}</value>
		</managed-property>
		<managed-property>
			<property-name>historyService</property-name>
			<value>#{historyService}</value>
		</managed-property>
		<managed-property>
			<property-name>customQueryService</property-name>
			<value>#{customQueryService}</value>
		</managed-property>
		<managed-property>
			<property-name>objectTypeService</property-name>
			<value>#{objectTypeService}</value>
		</managed-property>
		<managed-property>
			<property-name>queryObjectTypeService</property-name>
			<value>#{queryObjectTypeService}</value>
		</managed-property>
		<managed-property>
			<property-name>queryGroupService</property-name>
			<value>#{queryGroupService}</value>
		</managed-property>
		<managed-property>
			<property-name>queryBuilderBean</property-name>
			<value>#{queryBuilderBean}</value>
		</managed-property>
	</managed-bean>


	<managed-bean>
		<managed-bean-name>queryBuilderBean</managed-bean-name>
		<managed-bean-class>com.geinfra.geaviation.pwi.bean.QueryBuilderBean
		</managed-bean-class>
		<managed-bean-scope>session</managed-bean-scope>
		<managed-property>
			<property-name>queriesService</property-name>
			<value>#{qryService}</value>
		</managed-property>
		<managed-property>
			<property-name>queryGroupService</property-name>
			<value>#{queryGroupService}</value>
		</managed-property>
		 <managed-property>
            <property-name>querySubmissionService</property-name>
            <value>#{querySubmissionService}</value>
        </managed-property>
        <managed-property>
            <property-name>querySubmission</property-name>
            <value>#{queuedOnlineQuerySubmission}</value>
        </managed-property>
        <managed-property>
			<property-name>rptTypeRelSetBean</property-name>
			<value>#{rptTypeRelSetBean}</value>
		</managed-property>
	</managed-bean>

	<managed-bean>
		<managed-bean-name>homeBean</managed-bean-name>
		<managed-bean-class>com.geinfra.geaviation.pwi.bean.PWiHomeBean
		</managed-bean-class>
		<managed-bean-scope>request</managed-bean-scope>
		<managed-property>
			<property-name>queriesBean</property-name>
			<value>#{queriesBean}</value>
		</managed-property>
		<managed-property>
			<property-name>historyService</property-name>
			<value>#{historyService}</value>
		</managed-property>
	</managed-bean>

	<managed-bean>
		<managed-bean-name>queryListBean</managed-bean-name>
		<managed-bean-class>com.geinfra.geaviation.pwi.bean.QueryListBean
		</managed-bean-class>
		<managed-bean-scope>session</managed-bean-scope>
		<managed-property>
			<property-name>queriesService</property-name>
			<value>#{qryService}</value>
		</managed-property>
		<managed-property>
			<property-name>queriesBean</property-name>
			<value>#{queriesBean}</value>
		</managed-property>
					<managed-property>
			<property-name>queryGroupService</property-name>
			<value>#{queryGroupService}</value>
		</managed-property>
		
	</managed-bean>

	<managed-bean>
		<managed-bean-name>adminQueryListBean</managed-bean-name>
		<managed-bean-class>com.geinfra.geaviation.pwi.bean.AdminQueryListBean
		</managed-bean-class>
		<managed-bean-scope>request</managed-bean-scope>
		<managed-property>
			<property-name>queriesService</property-name>
			<value>#{qryService}</value>
		</managed-property>
	</managed-bean>

	<managed-bean>
		<managed-bean-name>adminQueryEditorBean</managed-bean-name>
		<managed-bean-class>com.geinfra.geaviation.pwi.bean.AdminQueryEditorBean
		</managed-bean-class>
		<managed-bean-scope>session</managed-bean-scope>
		<managed-property>
			<property-name>objectTypeService</property-name>
			<value>#{objectTypeService}</value>
		</managed-property>
		<managed-property>
			<property-name>queriesService</property-name>
			<value>#{qryService}</value>
		</managed-property>
		<managed-property>
			<property-name>queryGroupService</property-name>
			<value>#{queryGroupService}</value>
		</managed-property>
		<managed-property>
			<property-name>templateService</property-name>
			<value>#{templateService}</value>
		</managed-property>
		<managed-property>
			<property-name>userService</property-name>
			<value>#{userService}</value>
		</managed-property>
	</managed-bean>

    <managed-bean>
        <managed-bean-name>adminObjectTypeListBean</managed-bean-name>
        <managed-bean-class>com.geinfra.geaviation.pwi.bean.AdminObjectTypeListBean
        </managed-bean-class>
        <managed-bean-scope>request</managed-bean-scope>
        <managed-property>
            <property-name>objectTypeService</property-name>
            <value>#{objectTypeService}</value>
        </managed-property>
    </managed-bean>
   

    <managed-bean>
        <managed-bean-name>adminObjectTypeEditorBean</managed-bean-name>
        <managed-bean-class>com.geinfra.geaviation.pwi.bean.AdminObjectTypeEditorBean
        </managed-bean-class>
        <managed-bean-scope>session</managed-bean-scope>
        <managed-property>
            <property-name>objectTypeService</property-name>
            <value>#{objectTypeService}</value>
        </managed-property>
        <managed-property>
            <property-name>queryGroupService</property-name>
            <value>#{queryGroupService}</value>
        </managed-property>
    </managed-bean>

	<managed-bean>
		<managed-bean-name>adminSettingsBean</managed-bean-name>
		<managed-bean-class>com.geinfra.geaviation.pwi.bean.AdminSettingsBean
		</managed-bean-class>
		<managed-bean-scope>request</managed-bean-scope>
		<managed-property>
			<property-name>adminSettingsService</property-name>
			<value>#{adminSettingsService}</value>
		</managed-property>
	</managed-bean>

	<managed-bean>
		<managed-bean-name>adminLoggerConfigBean</managed-bean-name>
		<managed-bean-class>com.geinfra.geaviation.pwi.bean.AdminLoggerConfigBean
		</managed-bean-class>
		<managed-bean-scope>request</managed-bean-scope>
	</managed-bean>

    <!-- <managed-bean>
        <managed-bean-name>applicationParametersBean</managed-bean-name>
        <managed-bean-class>com.geinfra.geaviation.pwi.bean.ApplicationParametersBean
        </managed-bean-class>
        <managed-bean-scope>application</managed-bean-scope>
        <managed-property>
            <property-name>userInfoPortalUtil</property-name>
            <value>#{userInfoPortalUtil}</value>
        </managed-property>
    </managed-bean> -->

<managed-bean>
        <managed-bean-name>applicationParametersBean</managed-bean-name>
        <managed-bean-class>com.geinfra.geaviation.pwi.bean.ApplicationParametersBean
        </managed-bean-class>
        <managed-bean-scope>application</managed-bean-scope>
        <managed-property>
            <property-name>adminSettingsService</property-name>
            <value>#{adminSettingsService}</value>
        </managed-property>
    </managed-bean>
    <managed-bean>
        <managed-bean-name>debugInfoBean</managed-bean-name>
        <managed-bean-class>com.geinfra.geaviation.pwi.bean.DebugInfoBean
        </managed-bean-class>
        <managed-bean-scope>application</managed-bean-scope>
    </managed-bean>

	<managed-bean>
		<managed-bean-name>queryGroupBean</managed-bean-name>
		<managed-bean-class>com.geinfra.geaviation.pwi.bean.QueryGroupBean
		</managed-bean-class>
		<managed-bean-scope>session</managed-bean-scope>
		<managed-property>
			<property-name>queryGroupService</property-name>
			<value>#{queryGroupService}</value>
		</managed-property>
		<managed-property>
			<property-name>qryService</property-name>
			<value>#{qryService}</value>
		</managed-property>
		<managed-property>
			<property-name>queryGroupVO</property-name>
			<value>#{queryGroupVO}</value>
		</managed-property>
	</managed-bean>
	<!-- Addded by subrajit for mockup GUI for ODS -->
	<managed-bean>
		<managed-bean-name>odsReportBean</managed-bean-name>
		<managed-bean-class>com.geinfra.geaviation.pwi.bean.OdsReportBean
		</managed-bean-class>
		<managed-bean-scope>session</managed-bean-scope>
	</managed-bean>

	<managed-bean>
		<managed-bean-name>queryGroupVO</managed-bean-name>
		<managed-bean-class>com.geinfra.geaviation.pwi.model.PWiQueryGroupVO
		</managed-bean-class>
		<managed-bean-scope>session</managed-bean-scope>
	</managed-bean>

	<managed-bean>
		<managed-bean-name>queriesVO</managed-bean-name>
		<managed-bean-class>com.geinfra.geaviation.pwi.model.QueriesVO
		</managed-bean-class>
		<managed-bean-scope>session</managed-bean-scope>
	</managed-bean>

	<managed-bean>
		<managed-bean-name>batchResultsBean</managed-bean-name>
		<managed-bean-class>com.geinfra.geaviation.pwi.bean.BatchResultsBean
		</managed-bean-class>
		<managed-bean-scope>request</managed-bean-scope>
		<managed-property>
			<property-name>querySubmissionService</property-name>
			<value>#{querySubmissionService}</value>
		</managed-property>
	</managed-bean>
	
	<managed-bean>
		<managed-bean-name>helpBean</managed-bean-name>
		<managed-bean-class>com.geinfra.geaviation.pwi.bean.HelpBean
		</managed-bean-class>
		<managed-bean-scope>request</managed-bean-scope>
	</managed-bean>
	<managed-bean>
		<managed-bean-name>homeResultsBean</managed-bean-name>
		<managed-bean-class>com.geinfra.geaviation.pwi.bean.HomeResultsBean
		</managed-bean-class>
		<managed-bean-scope>request</managed-bean-scope>
	</managed-bean>
		
		
	<managed-bean>
	<bean class="org.springframework.context.annotation.CommonAnnotationBeanPostProcessor" />
		<managed-bean-name>historyBean</managed-bean-name>
		<managed-bean-class>com.geinfra.geaviation.pwi.bean.HistoryView
		</managed-bean-class>
		<managed-bean-scope>request</managed-bean-scope>
		<managed-property>
			<property-name>historyService</property-name>
			<value>#{historyService}</value>
		</managed-property>
		<managed-property>
			<property-name>historySessionBean</property-name>
			<value>#{historySessionBean}</value>
		</managed-property>
	</managed-bean>

    <managed-bean>
        <managed-bean-name>historySessionBean</managed-bean-name>
        <managed-bean-class>com.geinfra.geaviation.pwi.bean.HistorySessionBean
        </managed-bean-class>
        <managed-bean-scope>session</managed-bean-scope>
    </managed-bean>

	<managed-bean>
		<managed-bean-name>favoritesBean</managed-bean-name>
		<managed-bean-class>com.geinfra.geaviation.pwi.bean.FavoritesBean
		</managed-bean-class>
		<managed-bean-scope>request</managed-bean-scope>
		<managed-property>
			<property-name>customQueryService</property-name>
			<value>#{customQueryService}</value>
		</managed-property>
	</managed-bean>

	<managed-bean>
		<managed-bean-name>favoriteFromHistoryDialogBean</managed-bean-name>
		<managed-bean-class>com.geinfra.geaviation.pwi.bean.FavoriteFromHistoryDialogBean
		</managed-bean-class>
		<managed-bean-scope>request</managed-bean-scope>
		<managed-property>
			<property-name>customQueryService</property-name>
			<value>#{customQueryService}</value>
		</managed-property>
		<managed-property>
			<property-name>querySubmissionService</property-name>
			<value>#{querySubmissionService}</value>
		</managed-property>
		<managed-property>
			<property-name>historyService</property-name>
			<value>#{historyService}</value>
		</managed-property>
	</managed-bean>
	
	 <!-- ADDED BY Chandana for roles -->
    <managed-bean>
        <managed-bean-name>adminRoleListBean</managed-bean-name>
        <managed-bean-class>com.geinfra.geaviation.pwi.bean.AdminRoleListBean
        </managed-bean-class>
        <managed-bean-scope>request</managed-bean-scope>
        <managed-property>
            <property-name>roleService</property-name>
            <value>#{roleService}</value>
        </managed-property>
    </managed-bean>
    
     <managed-bean>
        <managed-bean-name>adminRoleEditorBean</managed-bean-name>
        <managed-bean-class>com.geinfra.geaviation.pwi.bean.AdminRoleEditorBean
        </managed-bean-class>
        <managed-bean-scope>session</managed-bean-scope>
        <managed-property>
            <property-name>roleService</property-name>
            <value>#{roleService}</value>
        </managed-property>
        <managed-property>
            <property-name>queryGroupService</property-name>
            <value>#{queryGroupService}</value>
        </managed-property>
       </managed-bean>
       
  <!-- ADDED BY SUNITA for users -->
    
     <managed-bean>
        <managed-bean-name>adminUserEditorBean</managed-bean-name>
        <managed-bean-class>com.geinfra.geaviation.pwi.bean.AdminUserEditorBean
        </managed-bean-class>
        <managed-bean-scope>session</managed-bean-scope>
        <managed-property>
            <property-name>userService</property-name>
            <value>#{userService}</value>
        </managed-property>
         <managed-property>
            <property-name>roleService</property-name>
            <value>#{roleService}</value>
        </managed-property>
       </managed-bean>
 
	<managed-bean>
        <managed-bean-name>adminUserListBean</managed-bean-name>
        <managed-bean-class>com.geinfra.geaviation.pwi.bean.AdminUserListBean
        </managed-bean-class>
        <managed-bean-scope>session</managed-bean-scope>
        <managed-property>
            <property-name>userService</property-name>
            <value>#{userService}</value>
        </managed-property>
    </managed-bean>
    
      <!-- Added for Tableau Integration -->
    <managed-bean>
        <managed-bean-name>tableauReportsMB</managed-bean-name>
        <managed-bean-class>com.geinfra.geaviation.pwi.bean.PWiTableauReportsMB
        </managed-bean-class>
        <managed-bean-scope>session</managed-bean-scope>
        <managed-property>
            <property-name>tableauReportsServiceIfc</property-name>
            <value>#{tableauReportsServiceIfc}</value>
        </managed-property>
    </managed-bean>
    
      <!-- ADDED BY Srinivas for Column Type Relation 30 Jan 2015-->
     <!--  <managed-bean>
        <managed-bean-name>rptTypeRelSetBean</managed-bean-name>
        <managed-bean-class>com.geinfra.geaviation.pwi.bean.RptTypeRelationSettingBean
        </managed-bean-class>
        <managed-bean-scope>session</managed-bean-scope>
        <managed-property>
            <property-name>queryColumnService</property-name>
            <value>#{queryColumnService}</value>
        </managed-property>
    </managed-bean> -->
      

	<navigation-rule>
	<navigation-case>
			<from-outcome>legalPage</from-outcome>
			<to-view-id>/pages/legalPage.jsf</to-view-id>
		</navigation-case>
		
		<!-- added by subrajit -->
		<navigation-case>
			<from-outcome>landOnHome</from-outcome>
			<to-view-id>/pages/home.jsf</to-view-id>
		</navigation-case>
		
		<navigation-case>
			<from-outcome>helpDeskFrAccess</from-outcome>
			<to-view-id>/pages/requestAccess.jsf</to-view-id>
		</navigation-case>
		<!-- added by subrajit -->
		<navigation-case>
			<from-outcome>subscribe</from-outcome>
			<to-view-id>/pages/subscribeOptions.jsf</to-view-id>
			<redirect />
		</navigation-case>
		<navigation-case>
			<from-outcome>cancel</from-outcome>
			<to-view-id>/pages/favorites.jsf</to-view-id>
			<redirect />
		</navigation-case>
		<navigation-case>
			<from-outcome>subscriptionResult</from-outcome>
			<to-view-id>/pages/subscriptionResults.jsf</to-view-id>
			<redirect />
		</navigation-case>
        <navigation-case>
            <from-outcome>error</from-outcome>
            <to-view-id>/pages/error.jsf</to-view-id>
        </navigation-case>
        <navigation-case>
            <from-outcome>home</from-outcome>
            <to-view-id>/pages/home.jsf</to-view-id>
        </navigation-case>
		<navigation-case>
			<from-outcome>qBuilderLink</from-outcome>
			<to-view-id>/pages/queryBuilder.jsf</to-view-id>
		</navigation-case>
		<navigation-case>
			<from-outcome>queryList</from-outcome>
			<to-view-id>/pages/searchQueries.jsf</to-view-id>
		</navigation-case>
		<navigation-case>
			<from-outcome>queryBuilder</from-outcome>
			<to-view-id>/pages/queryBuilder.jsf</to-view-id>
		</navigation-case>
		<navigation-case>
			<from-outcome>queryResult</from-outcome>
			<to-view-id>/pages/queryResult.jsf</to-view-id>
		</navigation-case>
        <navigation-case>
            <from-outcome>adminQueryList</from-outcome>
            <to-view-id>/pages/includes/admin/listAllQueries.jsf</to-view-id>
        </navigation-case>
        <navigation-case>
            <from-outcome>adminGroupList</from-outcome>
            <to-view-id>/pages/includes/admin/admin-group.jsf</to-view-id>
        </navigation-case>
        <navigation-case>
            <from-outcome>adminQiSettings</from-outcome>
            <to-view-id>/pages/includes/admin/adminQiSettings.jsf</to-view-id>
        </navigation-case>
        <navigation-case>
            <from-outcome>adminSettings</from-outcome>
            <to-view-id>/pages/includes/admin/adminSettings.jsf</to-view-id>
        </navigation-case>
        <navigation-case>
            <from-outcome>adminLoggerConfig</from-outcome>
            <to-view-id>/pages/includes/admin/adminLoggerConfig.jsf</to-view-id>
        </navigation-case>
        <navigation-case>
            <from-outcome>adminQueryEditor</from-outcome>
            <to-view-id>/pages/includes/admin/createQueries.jsf</to-view-id>
        </navigation-case>
        <navigation-case>
            <from-outcome>adminObjTypList</from-outcome>
            <to-view-id>/pages/includes/admin/adminListObjectTypes.jsf</to-view-id>
        </navigation-case>
        <navigation-case>
            <from-outcome>adminObjTypEditor</from-outcome>
            <to-view-id>/pages/includes/admin/adminEditObjectType.jsf</to-view-id>
        </navigation-case>
		<navigation-case>
			<from-outcome>batchResults</from-outcome>
			<to-view-id>/pages/batchResult.jsf</to-view-id>
		</navigation-case>
		<navigation-case>
			<from-outcome>createUpdateGroup</from-outcome>
			<to-view-id>/pages/includes/admin/admin-createupdategroup.jsf</to-view-id>
		</navigation-case>
		<navigation-case>
			<from-outcome>quickIntelligence</from-outcome>
			<to-view-id>/pages/quickIntelligence.jsf</to-view-id>
		</navigation-case>
		 <!--  Added by Srinivas  -->
          <navigation-case>
            <from-outcome>generatequeryBuilder</from-outcome>
            <to-view-id>/pages/generatequeryBuilder.jsf</to-view-id>
        </navigation-case>
		 <!-- End -->
		 <navigation-case>
            <from-outcome>dynRptBuilder</from-outcome>
            <to-view-id>/pages/dynrptbuilder.jsf</to-view-id>
        </navigation-case>
		   <navigation-case>
            <from-outcome>selectTypRel</from-outcome>
            <to-view-id>/pages/selecttyperelation.jsf</to-view-id>
        </navigation-case>
         <navigation-case>
            <from-outcome>listDraftQueries</from-outcome>
            <to-view-id>/pages/listDraftQueries.jsf</to-view-id>
        </navigation-case>
        <!--  ROLE added by CHANDANA -->
       <navigation-case>
           <from-outcome>adminRoleList</from-outcome>
           <to-view-id>/pages/includes/admin/adminListRoles.jsf</to-view-id>
       </navigation-case>
       <navigation-case>
            <from-outcome>adminRoleEditor</from-outcome>
            <to-view-id>/pages/includes/admin/admin-createEditRole.jsf</to-view-id>
        </navigation-case>
        <!-- end  -->

 <!--  User added by SUNITA -->
       <navigation-case>
           <from-outcome>adminUserList</from-outcome>
           <to-view-id>/pages/includes/admin/adminListUsers.jsf</to-view-id>
       </navigation-case>
       <navigation-case>
            <from-outcome>adminUserEditor</from-outcome>
            <to-view-id>/pages/includes/admin/adminEditUser.jsf</to-view-id>
        </navigation-case>  
        <navigation-case>
			<from-outcome>queryResultExec</from-outcome>
			<to-view-id>/pages/queryResultExecution.jsf</to-view-id>
		</navigation-case>     
       <navigation-case>
           <from-outcome>adminrptlinks</from-outcome>
           <to-view-id>/pages/includes/admin/adminrptlinks.jsf</to-view-id>
       </navigation-case>    
       <navigation-case>
           <from-outcome>addEditRptPage</from-outcome>
           <to-view-id>/pages/includes/admin/adminrpteditpage.jsf</to-view-id>
       </navigation-case>     
       <navigation-case>
           <from-outcome>adminsyslogs</from-outcome>
           <to-view-id>/pages/includes/admin/adminsyslogs.jsf</to-view-id>
       </navigation-case>               
   </navigation-rule>


	<navigation-rule>
		<from-view-id>/pages/help.jsf</from-view-id>
		<navigation-case>
			<from-outcome>home</from-outcome>
			<to-view-id>/pages/home.jsf</to-view-id>
			<redirect />
		</navigation-case>
		
		<navigation-case>
			<from-outcome>FAQS</from-outcome>
			<to-view-id>/pages/history.jsf</to-view-id>
		</navigation-case>
		<navigation-case>
			<from-outcome>Videos</from-outcome>
			<to-view-id>/pages/history.jsf</to-view-id>
		</navigation-case>
		<navigation-case>
			<from-outcome>Review</from-outcome>
			<to-view-id>/pages/history.jsf</to-view-id>
		</navigation-case>
		<navigation-case>
			<from-outcome>helpDesk</from-outcome>
			<to-view-id>/pages/requestAccess.jsf</to-view-id>
		</navigation-case>
		<navigation-case>
			<from-outcome>UserFeedbackSurvey</from-outcome>
			<to-view-id>/pages/history.jsf</to-view-id>
		</navigation-case>
	<!-- 	<navigation-case>
			<from-outcome>DownloadXMLFiles</from-outcome>
			<to-view-id>D:\GEGDC\SK301045\CHATS</to-view-id>
		</navigation-case> -->
		<navigation-case>
			<from-outcome>DownloadQueryGeneratorTools</from-outcome>
			<to-view-id>/pages/history.jsf</to-view-id>
		</navigation-case>
	</navigation-rule>
	
	

	<navigation-rule>
		<from-view-id>/pages/searchQueries.jsf</from-view-id>
		<navigation-case>
			<from-outcome>qBuilderLink</from-outcome>
			<to-view-id>/pages/queryBuilder.jsf</to-view-id>
		</navigation-case>
		<navigation-case>
			<from-outcome>cancel</from-outcome>
			<to-view-id>/pages/searchQueries.jsf</to-view-id>
		</navigation-case>
	</navigation-rule>

	<navigation-rule>
		<from-view-id>/pages/queryBuilder.jsf</from-view-id>
		<navigation-case>
			<from-outcome>OnlineMode</from-outcome>
			<to-view-id>/pages/queryResult.jsf</to-view-id>
		</navigation-case>
	</navigation-rule>

	<navigation-rule>
		<from-view-id>/pages/includes/admin/admin-group.jsf</from-view-id>
		<navigation-case>
			<from-action>#{queryGroupBean.onClickEdit}</from-action>
			<from-outcome>update</from-outcome>
			<to-view-id>/pages/includes/admin/admin-createupdategroup.jsf</to-view-id>
		</navigation-case>
	</navigation-rule>

	<navigation-rule>
		<from-view-id>/pages/includes/admin/admin-createupdategroup.jsf</from-view-id>
		<navigation-case>
			<from-action>#{queryGroupBean.updateQueryGroup}</from-action>
			<from-outcome>updated</from-outcome>
			<to-view-id>/pages/includes/admin/admin-group.jsf</to-view-id>
		</navigation-case>
	</navigation-rule>

	<navigation-rule>
		<from-view-id>/pages/includes/admin/admin-createupdategroup.jsf</from-view-id>
		<navigation-case>
			<from-action>#{queryGroupBean.createQueryGroup}</from-action>
			<from-outcome>created</from-outcome>
			<to-view-id>/pages/includes/admin/admin-group.jsf</to-view-id>
		</navigation-case>
	</navigation-rule>
	
	
	<navigation-rule>
		<from-view-id>/pages/home.jsf</from-view-id>
		<navigation-case>
			<from-outcome>search</from-outcome>
			<to-view-id>/pages/searchQueries.jsf</to-view-id>
		</navigation-case>
	</navigation-rule>
	<navigation-rule>
		<from-view-id>/pages/home.jsf</from-view-id>
		<navigation-case>
			<from-outcome>viewAllQueries</from-outcome>
			<to-view-id>/pages/searchQueries.jsf</to-view-id>
		</navigation-case>
		<navigation-case>
			<from-outcome>viewAllHistory</from-outcome>
			<to-view-id>/pages/history.jsf</to-view-id>
		</navigation-case>
		<navigation-case>
			<from-outcome>qBuilderLink</from-outcome>
			<to-view-id>/pages/queryBuilder.jsf</to-view-id>
		</navigation-case>
		<navigation-case>
			<from-outcome>qiSearchPanel</from-outcome>
			<to-view-id>/pages/qiSearchPanel.jsf</to-view-id>
		</navigation-case>
		<navigation-case>
			<from-outcome>quickIntelligence</from-outcome>
			<to-view-id>/pages/quickIntelligence.jsf</to-view-id>
		</navigation-case>
		<navigation-case>
			<from-outcome>tableauReports</from-outcome>
			<to-view-id>/pages/tableau.jsf</to-view-id>
		</navigation-case>
	</navigation-rule>

	<navigation-rule>
		<from-view-id>/pages/qiSearchPanel.jsf</from-view-id>
		<navigation-case>
			<from-outcome>quickIntelligence</from-outcome>
			<to-view-id>/pages/quickIntelligence.jsf</to-view-id>
		</navigation-case>
	</navigation-rule>
	<!-- subrajit -->
	<navigation-rule>
		<from-view-id>/pages/logIn.jsf</from-view-id>
		<navigation-case>
			<from-outcome>home</from-outcome>
			<to-view-id>/pages/home.jsf</to-view-id>
			<redirect />
		</navigation-case>
	</navigation-rule>

	<converter>
		<converter-id>queryConverter</converter-id>
		<converter-class>com.geinfra.geaviation.pwi.util.QueryConverter
		</converter-class>
	</converter>

	<navigation-rule>
		<from-view-id>/pages/includes/admin/adminSettings.jsf</from-view-id>
		<navigation-case>
			<from-outcome>updated</from-outcome>
			<to-view-id>/pages/includes/admin/adminSettings.jsf</to-view-id>
		</navigation-case>
	</navigation-rule>

	<navigation-rule>
		<from-view-id>/pages/includes/admin/admin-createupdategroup.jsf</from-view-id>
		<navigation-case>
			<from-outcome>cancel</from-outcome>
			<to-view-id>/pages/includes/admin/admin-group.jsf</to-view-id>
		</navigation-case>
	</navigation-rule>

	<converter>
		<converter-id>groupConverter</converter-id>
		<converter-class>
			com.geinfra.geaviation.pwi.util.GroupConverter
		</converter-class>
	</converter>
	
	<converter>
		<converter-id>roleConverter</converter-id>
		<converter-class>
			com.geinfra.geaviation.pwi.util.RoleConverter
		</converter-class>
	</converter>

	<navigation-rule>
		<from-view-id>/pages/queryBuilder.jsf</from-view-id>
		<navigation-case>
			<from-outcome>backToSearch</from-outcome>
			<to-view-id>/pages/searchQueries.jsf</to-view-id>
		</navigation-case>
	</navigation-rule>

	<navigation-rule>
		<from-view-id>/pages/queryResult.jsf</from-view-id>
		<navigation-case>
			<from-outcome>backToBuilder</from-outcome>
			<to-view-id>/pages/queryBuilder.jsf</to-view-id>
		</navigation-case>
	</navigation-rule>
</faces-config>