<?xml version="1.0" encoding="UTF-8"?>
<beans xmlns="http://www.springframework.org/schema/beans"
	xmlns:xsi="http://www.w3.org/2001/XMLSchema-instance" xmlns:aop="http://www.springframework.org/schema/aop"
	xmlns:tx="http://www.springframework.org/schema/tx"
	xsi:schemaLocation="
    http://www.springframework.org/schema/beans http://www.springframework.org/schema/beans/spring-beans-2.0.xsd
    http://www.springframework.org/schema/tx http://www.springframework.org/schema/tx/spring-tx-2.0.xsd
    http://www.springframework.org/schema/aop http://www.springframework.org/schema/aop/spring-aop-2.0.xsd">
<!--
	<bean id="txManager"
		class="org.springframework.jdbc.datasource.DataSourceTransactionManager">
		<property name="dataSource" ref="geedwplpbulkvDataSource" />
	</bean>

	<tx:annotation-driven transaction-manager="txManager" />-->

	<!-- Start of bean enteries for ECT -->



	<!--for Tera Data start -->

	<bean id="plmSearchDao" class="com.geinfra.geaviation.pwi.dao.PLMSearchDaoImpl">
		<property name="dataSource">
			<ref bean="geedwplpbulkvDataSource" />
		</property>
	</bean>

	<bean id="plmSearchService" class="com.geinfra.geaviation.pwi.service.PLMSearchServiceImpl">
		<property name="plmSearchDao">
			<ref bean="plmSearchDao" />
		</property>
	</bean>

	<bean id="plmTaskSaveSearchOracleDao" class="com.geinfra.geaviation.pwi.dao.PLMKpiReportDaoImpl">
		<property name="dataSource">
			<ref bean="plmrdataSource" />
		</property>
	</bean>
	
	<bean id="plmIssuesDao" class="com.geinfra.geaviation.pwi.dao.PLMKpiReportDaoImpl">
		<property name="dataSource">
			<ref bean="geedwplpbulkvDataSource" />
		</property>
	</bean>

	<bean id="plmIssuesService" class="com.geinfra.geaviation.pwi.service.PLMkpiReportServiceImpl">
		<property name="plmIssuesDao">
			<ref bean="plmIssuesDao" />
		</property>
		<property name="plmTaskSaveSearchOracleDao">
			<ref bean="plmTaskSaveSearchOracleDao" />
		</property>
	</bean>

	<!--  DGT - FMI  -->
	<bean id="plmDocGenDao" class="com.geinfra.geaviation.pwi.dao.PLMDocGenDaoImpl">
		<property name="dataSource">
			<ref bean="geedwplpbulkvDataSource" />
		</property>
	</bean>
	
	<!-- for Oracle  -->
	<bean id="plmFmiDaoOrcl" class="com.geinfra.geaviation.pwi.dao.PLMFmiDaoImpl">
		<property name="dataSource">
			<ref bean="plmrdataSource" />
		</property>
	</bean>

	<bean id="plmDocGenService" class="com.geinfra.geaviation.pwi.service.PLMDocGenServiceImpl">
		<property name="plmDocGenDao">
			<ref bean="plmDocGenDao" />
		</property>
		<property name="plmFmiDaoOrcl">
			<ref bean="plmFmiDaoOrcl" />
		</property>
	</bean>
	<!--  DGT - FMI  -->

	<!-- Start of Bom Health Report -->
	<bean id="plmMetricsDao" class="com.geinfra.geaviation.pwi.dao.PLMMetricsDaoImpl">
		<property name="dataSource">
			<ref bean="geedwplpbulkvDataSource" />
		</property>
	</bean>
	<bean id="plmMetricsService" class="com.geinfra.geaviation.pwi.service.PLMMetricsServiceImpl">
		<property name="plmMetricsDao">
			<ref bean="plmMetricsDao" />
		</property>
	</bean>
	<!--  End of Bom Health Report  -->

	<!--  DGT - FMI  -->
	<bean id="plmCommonReportDao" class="com.geinfra.geaviation.pwi.dao.PLMCommonReportDaoImpl">
		<property name="dataSource">
			<ref bean="geedwplpbulkvDataSource" />
		</property>
	</bean>
	<bean id="plmCommonReportDaoOracle" class="com.geinfra.geaviation.pwi.dao.PLMCommonReportDaoImpl">
		<property name="dataSource">
			<ref bean="plmrdataSource" />
		</property>
		
	</bean>

	<bean id="plmCommonReportService" class="com.geinfra.geaviation.pwi.service.PLMCommonReportServiceImpl">
		<property name="plmCommonReportDao">
			<ref bean="plmCommonReportDao" />
		</property>
		<property name="plmCommonReportDaoOracle">
			<ref bean="plmCommonReportDaoOracle" />
		</property>
	</bean>
	<!--  DGT - FMI  -->


	<!-- for Tera Data start-->
	<bean id="geedwplpbulkvDataSource" class="org.springframework.jndi.JndiObjectFactoryBean">
		<property name="jndiName" value="java:plmrterads" />
	</bean>
	<!-- for Tera Data start-->
	
		<!-- for Tera Data another object start-->
	<bean id="geedwplpbulkvDataSource1" class="org.springframework.jndi.JndiObjectFactoryBean">
		<property name="jndiName" value="java:plmrterads1" />
	</bean>
	<!-- for Tera Data another object end-->
	
<!-- 
	<bean id="transactionTemplate"
		class="org.springframework.transaction.support.TransactionTemplate">
		<property name="transactionManager" ref="txManager" />
	</bean>-->


	<bean id="plmrdataSource" class="org.springframework.jndi.JndiObjectFactoryBean">
		<property name="jndiName" value="java:/pwi" />
	</bean>

	<bean id="txManagerICM"
		class="org.springframework.jdbc.datasource.DataSourceTransactionManager">
		<property name="dataSource" ref="plmrdataSource" />
	</bean>

	<bean id="transactionTemplateICM"
		class="org.springframework.transaction.support.TransactionTemplate">
		<property name="transactionManager" ref="txManagerICM" />
	</bean>
	
	<bean id="jdbcTemplate" class="org.springframework.jdbc.core.JdbcTemplate">
		<property name="dataSource" ref="plmrdataSource"></property>
	</bean>

	<bean id="commonService" class="com.geinfra.geaviation.pwi.service.PLMCommonServiceImpl">
		<property name="userDao">
			<ref bean="userDao" />
		</property>
	</bean>
	<bean id="userDao" class="com.geinfra.geaviation.pwi.dao.PLMUserDaoImpl">
		<property name="jdbcTemplate">
			<ref bean="jdbcTemplate" />
		</property>
	</bean>
	
	<!--  BOM Trend Report  --> 
 <bean id="trendReportDao" class="com.geinfra.geaviation.pwi.dao.PLMTrendReportDaoImpl">
 <property name="dataSource">
  <ref bean="geedwplpbulkvDataSource" /> 
  </property>
  </bean>
 <bean id="trendReportService" class="com.geinfra.geaviation.pwi.service.PLMTrendReportServiceImpl">
 <property name="trendReportDao">
  <ref bean="trendReportDao" /> 
  </property>
  </bean>
  
 <bean id="plmTrendsObj" class="com.geinfra.geaviation.pwi.data.PLMPartTrendsData">
 </bean>
  <bean id="percentReuseObj" class="com.geinfra.geaviation.pwi.data.PLMPercentPartData">
 </bean>
 
 
  
 <!--  Bom Trend Report   --> 
 
 <!--  Project Task Voucher By Rdo  --> 
 <bean id="taskMetricDao" class="com.geinfra.geaviation.pwi.dao.PLMTaskMetricsDaoImpl">
 <property name="dataSource">
  <ref bean="geedwplpbulkvDataSource" /> 
  </property>
  </bean>
 <bean id="taskMetricsService" class="com.geinfra.geaviation.pwi.service.PLMTaskMetricsServiceImpl">
 <property name="taskMetricDao">
  <ref bean="taskMetricDao" /> 
  </property>
  </bean>
  
<!-- Start of ECO Category and Eco Volume Report -->
		
	<bean id="ecoMetricDao" class="com.geinfra.geaviation.pwi.dao.PLMEcoMetricsDaoImpl">
		<property name="dataSource">
			<ref bean="geedwplpbulkvDataSource" />
		</property>
	</bean>
	<bean id="ecoMetricService" class="com.geinfra.geaviation.pwi.service.PLMEcoMetricsServiceImpl">
		<property name="ecoMetricDao">
			<ref bean="ecoMetricDao" />
		</property>
	</bean>
	
<!--  End of ECO CategoryReport  -->

<bean id="taskVolumeObj" class="com.geinfra.geaviation.pwi.data.PLMTaskMetricsData">
</bean>
  
  
  <!-- Start of Where Used Data-->
		
	<bean id="plmWhereUsedDao" class="com.geinfra.geaviation.pwi.dao.PLMWhereUsedDaoImpl">
		<property name="dataSource">
			<ref bean="geedwplpbulkvDataSource" />
		</property>
	</bean>
	<!-- Added for Oracle connectivity -->
	<bean id="plmWhereUsedOracleDao" class="com.geinfra.geaviation.pwi.dao.PLMWhereUsedDaoImpl">
		<property name="dataSource">
			<ref bean="plmrdataSource" />
		</property>
	</bean>
	<bean id="plmWhereUsedService" class="com.geinfra.geaviation.pwi.service.PLMWhereUsedServiceImpl">
		<property name="plmWhereUsedDao">
			<ref bean="plmWhereUsedDao" />
		</property>
		<property name="plmWhereUsedOracleDao">
			<ref bean="plmWhereUsedOracleDao" />
		</property>
	</bean>
<!--  End of Where Used Data  -->
  
<bean id="plmWhereUsedData" class="com.geinfra.geaviation.pwi.data.PLMWhereUsedData">
 </bean>
 
	<!-- Admin Configurations  -->

	<bean id="adminServiceIfc" class="com.geinfra.geaviation.pwi.service.PLMAdminServiceImpl">
		<property name="adminDao">
			<ref bean="adminDaoIfc" />
		</property>
	</bean>

	<bean id="adminDaoIfc" class="com.geinfra.geaviation.pwi.dao.PLMAdminDaoImpl">
		<property name="proc">
			<ref bean="scrtyproc" />
		</property>
		<property name="grantAccessProc">
			<ref bean="autoAccessProc" />
		</property>
		<property name="jdbcTemplate">
			<ref bean="jdbcTemplate" />
		</property>
		<property name="validDao">
			<ref bean="validDaoIfc" />
		</property>
		<property name="plmEccnTagDao">
			<ref bean="plmEccnTagDao" />
		</property>
		<property name="mailBean" ref="mailBean" />
		<property name="mailSend" ref="mailSender" />
	</bean>

	<bean id="eccnTag" class="com.geinfra.geaviation.pwi.util.PLMGrantAccessProc">
		<constructor-arg>
			<ref bean="plmrdataSource" />
		</constructor-arg>
	</bean>
	
	<bean id="autoAccessProc" class="com.geinfra.geaviation.pwi.util.PLMGrantAccessProc">
		<constructor-arg>
			<ref bean="plmrdataSource" />
		</constructor-arg>
	</bean>
	
	<bean id="scrtyproc" class="com.geinfra.geaviation.pwi.util.PLMSecurityMatrixProc">
		<constructor-arg>
			<ref bean="plmrdataSource" />
		</constructor-arg>
	</bean>

	<bean id="mailSender" class="org.springframework.mail.javamail.JavaMailSenderImpl">
		<property name="host" value="e2ksmtp01.e2k.ad.ge.com" />
	</bean>
	
	<bean id="mailBean" class="com.geinfra.geaviation.pwi.util.PLMSendMailUtil">
	</bean>

	
	<bean id="plmPersonDs" class="org.springframework.jndi.JndiObjectFactoryBean">
		<property name="jndiName" value="java:plmrperson" />
	</bean>
	
	
	<bean id="personJdbcTemplate" class="org.springframework.jdbc.core.JdbcTemplate">	
		<property name="dataSource" ref="plmPersonDs"></property>
	</bean> 
	
	
	<bean id="validDaoIfc" class="com.geinfra.geaviation.pwi.dao.PLMPersonDaoImpl">
			<property name="jdbcTemplate" >
			<ref bean="personJdbcTemplate" />
		</property>
	</bean>
	<bean id="plmCopicsSearchService" class="com.geinfra.geaviation.pwi.service.PLMCopicsSearchServiceImpl">
		<property name="plmCopicsSearchDao">
  		<ref bean="plmCopicsSearchDao" /> 
  		</property>
  </bean>
 <bean id="plmEccnTagDao" class="com.geinfra.geaviation.pwi.dao.PLMEccnTagDaoImpl">
	<property name="dataSource">
  	<ref bean="geedwplpbulkvDataSource" /> 
  	</property>
  </bean>
  
  <bean id="plmCopicsSearchDao" class="com.geinfra.geaviation.pwi.dao.PLMCopicsSearchDaoImpl">
	<property name="dataSource">
  	<ref bean="geedwplpbulkvDataSource" /> 
  	</property>
  </bean>
  
  
  <!-- Start of LTTR Report -->
	<bean id="plmTdLttrDao" class="com.geinfra.geaviation.pwi.dao.PLMLttrDaoImpl">
		<property name="dataSource">
			<ref bean="geedwplpbulkvDataSource" />
		</property>
	</bean>
	<bean id="plmLttrService" class="com.geinfra.geaviation.pwi.service.PLMLttrServiceImpl">
		<property name="plmTdLttrDao">
			<ref bean="plmTdLttrDao" />
		</property>
	</bean>
	<!--  End of LTTR Report  -->
	
  <!-- Start of PDDR Report -->
	<bean id="plmTdPddrDao" class="com.geinfra.geaviation.pwi.dao.PLMPddrDaoImpl">
		<property name="dataSource">
			<ref bean="geedwplpbulkvDataSource" />
		</property>
	</bean>
	<bean id="plmPddrServiceIfc" class="com.geinfra.geaviation.pwi.service.PLMPddrServiceImpl">
		<property name="plmTdPddrDao">
			<ref bean="plmTdPddrDao" />
		</property>
	</bean>
	<!--  End of PDDR Report  -->
	
	<!-- Start of OMM Report -->
	<bean id="plmOmmReportDao" class="com.geinfra.geaviation.pwi.dao.PLMOmmReportDaoImpl">
		<property name="dataSource">
			<ref bean="geedwplpbulkvDataSource" />
		</property>
	</bean>
	<bean id="plmOmmReportService" class="com.geinfra.geaviation.pwi.service.PLMOmmReportServiceImpl">
		<property name="plmOmmReportDao">
			<ref bean="plmOmmReportDao" />
		</property>
	</bean>
	<!--  End of OMM Report  -->
	
	<!-- Start of PLMProjectSummaryReport -->
	<bean id="contractSumrReptDao" class="com.geinfra.geaviation.pwi.dao.PLMCntrtSmryRptDaoImpl">
		<property name="dataSource">
			<ref bean="geedwplpbulkvDataSource" />
		</property>
	</bean>
	<bean id="contractSumrReptService" class="com.geinfra.geaviation.pwi.service.PLMCntrtSmryRptServiceImpl">
		<property name="contractSumrReptDao">
			<ref bean="contractSumrReptDao" />
		</property>
	</bean>
	<!--  End of PLMProjectSummaryReport  -->
  
  <!--  Customer Drawing Dashboard  -->
	<bean id="plmDashboardDao" class="com.geinfra.geaviation.pwi.dao.PLMDashboardDaoImpl">
		<property name="dataSource">
			<ref bean="geedwplpbulkvDataSource" />
		</property>
	</bean>

	<bean id="plmDashboardService" class="com.geinfra.geaviation.pwi.service.PLMDashboardServiceImpl">
		<property name="plmDwgDashboardDao">
			<ref bean="plmDashboardDao" />
		</property>
	</bean>
	<!--  Customer Drawing Dashboard  -->
	
	  <!--	  GBOM Report -->
	<bean id="plmGBomDao" class="com.geinfra.geaviation.pwi.dao.PLMGBomDaoImpl">
		<property name="dataSource">
			<ref bean="geedwplpbulkvDataSource" />
		</property>
		
	</bean>
	<bean id="plmGBomDaoOracle" class="com.geinfra.geaviation.pwi.dao.PLMGBomDaoImpl">
		<property name="dataSource">
			<ref bean="plmrdataSource" />
		</property>
		
	</bean>

	<bean id="plmGBomService" class="com.geinfra.geaviation.pwi.service.PLMGBomServiceImpl">
		<property name="plmGBomDao">
			<ref bean="plmGBomDao" />
		</property>
		<property name="plmGBomDaoOracle">
			<ref bean="plmGBomDaoOracle" />
		</property>
	</bean>
<!--	  End of GBOM Report -->
  
  
   <!--	  Environment Compliance Report -->
	<bean id="plmEnvComplianceDao" class="com.geinfra.geaviation.pwi.dao.PLMEnvComplianceDaoImpl">
		<property name="dataSource">
			<ref bean="geedwplpbulkvDataSource" />
		</property>
		
	</bean>
	

	<bean id="plmEnvComplianceService" class="com.geinfra.geaviation.pwi.service.PLMEnvComplianceServiceImpl">
		<property name="plmEnvComplianceDao">
			<ref bean="plmEnvComplianceDao" />
		</property>
		
	</bean>
<!--	  End of Environment Compliance Report -->
  
  <!--  Cost Cycle Summary Report  -->
	<bean id="plmCostCycleSmryDao" class="com.geinfra.geaviation.pwi.dao.PLMCostCycleSmryDaoImpl">
		<property name="dataSource">
			<ref bean="geedwplpbulkvDataSource" />
		</property>
	</bean>

	<bean id="plmCostCycleSmryService" class="com.geinfra.geaviation.pwi.service.PLMCostCycleSmryServiceImpl">
		<property name="plmCostCycleSmryDao">
			<ref bean="plmCostCycleSmryDao" />
		</property>
	</bean>
	<!--  Cost Cycle Summary Report  -->
	
	
	  
  <!--  Contract Info Report  -->
	<bean id="plmContractRptDao" class="com.geinfra.geaviation.pwi.dao.PLMContractRptDaoImpl">
		<property name="dataSource">
			<ref bean="geedwplpbulkvDataSource" />
		</property>
	</bean>

	<bean id="plmContractRptService" class="com.geinfra.geaviation.pwi.service.PLMContractRptServiceImpl">
		<property name="plmContractRptDao">
			<ref bean="plmContractRptDao" />
		</property>
	</bean>
	<!-- Contract Info Report   -->
  
    <!--  CR Report  -->
    
	<bean id="plmCRReportDao" class="com.geinfra.geaviation.pwi.dao.PLMCRReportDaoImpl">
		<property name="dataSource">
			<ref bean="geedwplpbulkvDataSource" />
		</property>
	</bean>

	<bean id="plmCRReportService" class="com.geinfra.geaviation.pwi.service.PLMCRReportServiceImpl">
		<property name="plmCRReportDao">
			<ref bean="plmCRReportDao" />
		</property>
	</bean>
	<!-- CR Report   -->
	
	<!--  Part Family-Interface Attribute  -->
	<bean id="plmInterfaceAttrDao" class="com.geinfra.geaviation.pwi.dao.PLMInterfaceAttrDaoImpl">
		<property name="dataSource">
			<ref bean="geedwplpbulkvDataSource" />
		</property>
	</bean>

	<bean id="plmInterfaceAttrService" class="com.geinfra.geaviation.pwi.service.PLMInterfaceAttrServiceImpl">
		<property name="plmInterfaceAttrDao">
			<ref bean="plmInterfaceAttrDao" />
		</property>
	</bean>
	<!--  Part Family-Interface Attribute  -->
	
	
	<!--  GT CMU Deliverable Review Tool  -->
	<bean id="dlvrblRptDao" class="com.geinfra.geaviation.pwi.dao.PLMDlvrblRptDaoImpl">
		<property name="dataSource">
			<ref bean="geedwplpbulkvDataSource" />
		</property>
	</bean>

	<bean id="plmDlvrblRptService" class="com.geinfra.geaviation.pwi.service.PLMDlvrblRptServiceImpl">
		<property name="dlvrblRptDao">
			<ref bean="dlvrblRptDao" />
		</property>
	</bean>
	<!--  GT CMU Deliverable Review Tool  -->
	
	<!--  STM/GEN GT CMU Deliverable Review Tool  -->
	<bean id="plmStGenDlvrblDao" class="com.geinfra.geaviation.pwi.dao.PLMStGenDlvrblRptDaoImpl">
		<property name="dataSource">
			<ref bean="geedwplpbulkvDataSource" />
		</property>
	</bean>

	<bean id="plmStGenDlvrblService" class="com.geinfra.geaviation.pwi.service.PLMStGenDlvrblRptServiceImpl">
		<property name="plmStGenDlvrblDao">
			<ref bean="plmStGenDlvrblDao" />
		</property>
	</bean>
	<!--  STM/GEN GT CMU Deliverable Review Tool  -->
	<!--  BOM Similarity Report -->
	<bean id="plmBOMSimilarDao" class="com.geinfra.geaviation.pwi.dao.PLMBOMSimilarDaoImpl">
		<property name="dataSource">
			<ref bean="geedwplpbulkvDataSource" />
		</property>
		
	</bean>

	<bean id="plmBOMSimilarService" class="com.geinfra.geaviation.pwi.service.PLMBOMSimilarServiceImpl">
		<property name="plmBOMSimilarDao">
			<ref bean="plmBOMSimilarDao" />
		</property>
		
	</bean>
<!--	  End of BOM Similarity Report -->
  
   <!--	EPE BOM  Report -->
	<bean id="plmEPEBoMDao" class="com.geinfra.geaviation.pwi.dao.PLMEPEBoMDaoImpl">
		<property name="dataSource">
			<ref bean="geedwplpbulkvDataSource" />
		</property>
		
	</bean>

	<bean id="plmEPEBoMService" class="com.geinfra.geaviation.pwi.service.PLMEPEBoMServiceImpl">
		<property name="plmEPEBoMDao">
			<ref bean="plmEPEBoMDao" />
		</property>
		
	</bean>
<!--	  End of EPE BOM  Report -->
<!--  DRL Report  -->
	<bean id="plmDRLReportDao" class="com.geinfra.geaviation.pwi.dao.PLMDRLReportDaoImpl">
		<property name="dataSource">
			<ref bean="geedwplpbulkvDataSource" />
		</property>
	</bean>

	<bean id="plmDrlReportService" class="com.geinfra.geaviation.pwi.service.PLMDRLReportServiceImpl">
		<property name="plmDRLReportDao">
			<ref bean="plmDRLReportDao" />
		</property>
	</bean>
	<!--  DRL Report  -->
	
	<!--  Cycle Time Report  -->
	<!-- for TeraData -->
	<bean id="plmCycleTimeReportDao" class="com.geinfra.geaviation.pwi.dao.PLMCycleTimeReportDaoImpl">
		<property name="dataSource">
			<ref bean="geedwplpbulkvDataSource" />
		</property>
	</bean>
	
	<!-- for Oracle  -->
	<bean id="plmCycleTimeOracl" class="com.geinfra.geaviation.pwi.dao.PLMCycleTimeReportDaoImpl">
		<property name="dataSource">
			<ref bean="plmrdataSource" />
		</property>
	</bean>

	<bean id="plmCycleTimeReportService" class="com.geinfra.geaviation.pwi.service.PLMCycleTimeReportServiceImpl">
		<property name="plmCycleTimeReportDao">
			<ref bean="plmCycleTimeReportDao" />
		</property>
		
		<property name="plmCycleTimeOracl">
			<ref bean="plmCycleTimeOracl" />
		</property>
	</bean>
	<!--  Cycle Time Report  -->
	

<!--	  Where Used - CAS Substance Report -->
	<bean id="whrUsdSubstncDao" class="com.geinfra.geaviation.pwi.dao.PLMWhrUsdSubstncDaoImpl">
		<property name="dataSource">
			<ref bean="geedwplpbulkvDataSource" />
		</property>
		
	</bean>
	

	<bean id="whrUsdSubstncService" class="com.geinfra.geaviation.pwi.service.PLMWhrUsdSubstncServiceImpl">
		<property name="whrUsdSubstncDao">
			<ref bean="whrUsdSubstncDao" />
		</property>
		
	</bean>
<!--	  Where Used - CAS Substance Report -->

<!--	  Generator SO Kit Report -->
	<bean id="plmSoKitReportDao" class="com.geinfra.geaviation.pwi.dao.PLMSoKitReportDaoImpl">
		<property name="dataSource">
			<ref bean="geedwplpbulkvDataSource" />
		</property>
		
	</bean>
	

	<bean id="plmSoKitReportService" class="com.geinfra.geaviation.pwi.service.PLMSoKitReportServiceImpl">
		<property name="plmSoKitReportDao">
			<ref bean="plmSoKitReportDao" />
		</property>
		
	</bean>
<!--	  End of Generator SO Kit Report -->

<!--	  Customer Document Report -->
	<bean id="plmCustDocReportDao" class="com.geinfra.geaviation.pwi.dao.PLMCustDocReportDaoImpl">
		<property name="dataSource">
			<ref bean="geedwplpbulkvDataSource" />
		</property>
		
	</bean>
	

	<bean id="plmCustDocReportService" class="com.geinfra.geaviation.pwi.service.PLMCustDocReportServiceImpl">
		<property name="plmCustDocReportDao">
			<ref bean="plmCustDocReportDao" />
		</property>
		
	</bean>
<!--	  End of Customer Document Report -->	


<!--	  TC5 Report -->
	<bean id="plmTC5RptDao" class="com.geinfra.geaviation.pwi.dao.PLMTC5RptDaoImpl">
		<property name="dataSource">
			<ref bean="geedwplpbulkvDataSource" />
		</property>
		
	</bean>

	<bean id="plmTC5RptService" class="com.geinfra.geaviation.pwi.service.PLMTC5RptServiceImpl">
		<property name="plmTC5RptDao">
			<ref bean="plmTC5RptDao" />
		</property>
		
	</bean>
<!--	  End of TC5 Report -->	

	 <!--	  Config Feature Option Report -->
	<bean id="plmConfigFeatOptRptDao" class="com.geinfra.geaviation.pwi.dao.PLMConfigFeatOptRptDaoImpl">
		<property name="dataSource">
			<ref bean="geedwplpbulkvDataSource" />
		</property>
	</bean>

	<bean id="plmConfigFeatOptRptService" class="com.geinfra.geaviation.pwi.service.PLMConfigFeatOptRptServiceImpl">
		<property name="plmConfigFeatOptRptDao">
			<ref bean="plmConfigFeatOptRptDao" />
		</property>
	</bean>
	<!-- End of Config Feature Option Report -->
	
	<!--	Start  CF CR PRS  Report -->
	<bean id="plmCFCRPRSRptDao" class="com.geinfra.geaviation.pwi.dao.PLMCFCRPRSRptDaoImpl">
		<property name="dataSource">
			<ref bean="geedwplpbulkvDataSource" />
		</property>
	</bean>

	<bean id="plmCFCRPRSRptService" class="com.geinfra.geaviation.pwi.service.PLMCFCRPRSRptServiceImpl">
		<property name="plmCFCRPRSRptDao">
			<ref bean="plmCFCRPRSRptDao" />
		</property>
	</bean>
	<!-- End of CF CR PRS  Report -->
	
		<!--	Start  MBOM PDDR Report -->
	<bean id="plmMBOMPddrDao" class="com.geinfra.geaviation.pwi.dao.PLMMBOMPddrDaoImpl">
		<property name="dataSource">
			<ref bean="geedwplpbulkvDataSource" />
		</property>
	</bean>

	<bean id="plmMBOMPddrService" class="com.geinfra.geaviation.pwi.service.PLMMBOMPddrServiceImpl">
		<property name="plmMBOMPddrDao">
			<ref bean="plmMBOMPddrDao" />
		</property>
	</bean>
	<!-- End of MBOM PDDR Report -->
	
	<!-- Start of OMM MBOM Report -->
	<bean id="plmOmmMBoMRptDao" class="com.geinfra.geaviation.pwi.dao.PLMOmmMBoMRptDaoImpl">
		<property name="dataSource">
			<ref bean="geedwplpbulkvDataSource" />
		</property>
	</bean>
	<bean id="plmOmmMBoMRptService" class="com.geinfra.geaviation.pwi.service.PLMOmmMBoMRptServiceImpl">
		<property name="plmOmmMBoMRptDao">
			<ref bean="plmOmmMBoMRptDao" />
		</property>
	</bean>
	<!--  End of OMM MBOM Report  -->


	<!-- Start of BOM Defect Report (CMU) -->
	<bean id="plmBomDfctRptDao" class="com.geinfra.geaviation.pwi.dao.PLMBomDfctRptDaoImpl">
		<property name="dataSource">
			<ref bean="geedwplpbulkvDataSource" />
		</property>
	</bean>
	<bean id="plmBomDfctRptService" class="com.geinfra.geaviation.pwi.service.PLMBomDfctRptServiceImpl">
		<property name="plmBomDfctRptDao">
			<ref bean="plmBomDfctRptDao" />
		</property>
	</bean>
	<!--  End of BOM Defect Report (CMU) -->
	
	<!-- Start of Compare EBOM to MBOM Report -->
	<bean id="plmEBomToMBomDao" class="com.geinfra.geaviation.pwi.dao.PLMEBomToMBomDaoImpl">
		<property name="dataSource">
			<ref bean="geedwplpbulkvDataSource" />
		</property>
	</bean>
	<bean id="plmEBomToMBomService" class="com.geinfra.geaviation.pwi.service.PLMEBomToMBomServiceImpl">
		<property name="plmEBomToMBomDao">
			<ref bean="plmEBomToMBomDao" />
		</property>
	</bean>
	<!--  End of Compare EBOM to MBOM Report  -->
	
		<!-- Start of Product CF QL Comparison -->
	<bean id="plmCFQLCompareDao" class="com.geinfra.geaviation.pwi.dao.PLMCFQLCompareDaoImpl">
		<property name="dataSource">
			<ref bean="geedwplpbulkvDataSource" />
		</property>
	</bean>
	<bean id="plmCFQLCompareService" class="com.geinfra.geaviation.pwi.service.PLMCFQLCompareServiceImpl">
		<property name="plmCFQLCompareDao">
			<ref bean="plmCFQLCompareDao" />
		</property>
	</bean>
	<!--  End of Product CF QL Comparison  -->
	
		<!-- Start of Part Family Viewer -->
	<bean id="plmPartFamViewDao" class="com.geinfra.geaviation.pwi.dao.PLMPartFamViewDaoImpl">
		<property name="dataSource">
			<ref bean="geedwplpbulkvDataSource" />
		</property>
	</bean>
	<bean id="plmPartFamViewService" class="com.geinfra.geaviation.pwi.service.PLMPartFamViewServiceImpl">
		<property name="plmPartFamViewDao">
			<ref bean="plmPartFamViewDao" />
		</property>
	</bean>
	<!--  End of Part Family Viewer -->
	
			<!--	Start  EBOM PDDR Report -->
	<bean id="plmEBOMPddrDao" class="com.geinfra.geaviation.pwi.dao.PLMEBOMPddrDaoImpl">
		<property name="dataSource">
			<ref bean="geedwplpbulkvDataSource" />
		</property>
	</bean>

	<bean id="plmEBOMPddrService" class="com.geinfra.geaviation.pwi.service.PLMEBOMPddrServiceImpl">
		<property name="plmEBOMPddrDao">
			<ref bean="plmEBOMPddrDao" />
		</property>
	</bean>
	<!-- End of EBOM PDDR Report -->
	
	<!-- Start of Boiler Report -->
	<bean id="plmBoilerReportService" class="com.geinfra.geaviation.pwi.service.PLMBoilerReportServiceImpl">
	<property name="plmBoilerReportDao">
		<ref bean="plmBoilerReportDao" />
	</property>
    </bean>
   <bean id="plmBoilerReportDao" class="com.geinfra.geaviation.pwi.dao.PLMBoilerReportDaoImpl">
	<property name="dataSource">
		<ref bean="geedwplpbulkvDataSource" />
	</property>
   </bean>
   <bean id="plmBoilerShippingBomReportService" class="com.geinfra.geaviation.pwi.service.PLMBoilerShippingBomReportServiceImpl">
	<property name="plmBoilerShippingBomReportDao">
		<ref bean="plmBoilerShippingBomReportDao" />
	</property>
    </bean>
   <bean id="plmBoilerShippingBomReportDao" class="com.geinfra.geaviation.pwi.dao.PLMBoilerShippingBomReportDaoImpl">
	<property name="dataSource">
		<ref bean="geedwplpbulkvDataSource" />
	</property>
   </bean>
	<!-- End of Boiler Report -->

	<!-- Start :   Aero BOM KPIs report -->
	<bean id="plmCompleteEbomReportService" class="com.geinfra.geaviation.pwi.service.PLMCompleteEbomReportServiceImpl">
	<property name="plmCompleteEbomReportDao">
		<ref bean="plmCompleteEbomReportDao" />
	</property>
    </bean>
   <bean id="plmCompleteEbomReportDao" class="com.geinfra.geaviation.pwi.dao.PLMCompleteEbomReportDaoImpl">
	<property name="dataSource">
		<ref bean="geedwplpbulkvDataSource" />
	</property>
   </bean>
	<!-- End :   Aero BOM KPIs report -->
	
	<!-- Start of Marketing Model Requirements Report -->
	<bean id="plmMktModelRptService" class="com.geinfra.geaviation.pwi.service.PLMMktModelRptServiceImpl">
	<property name="plmMktModelRptDao">
		<ref bean="plmMktModelRptDao" />
	</property>
    </bean>
   <bean id="plmMktModelRptDao" class="com.geinfra.geaviation.pwi.dao.PLMMktModelRptDaoImpl">
	<property name="dataSource">
		<ref bean="geedwplpbulkvDataSource" />
	</property>
   </bean>
	<!-- End of Marketing Model Requirements Report -->
	
			<!--	Start Part Family Attribute Master Report -->
	<bean id="plmPartFamAttrDao" class="com.geinfra.geaviation.pwi.dao.PLMPartFamAttrDaoImpl">
		<property name="dataSource">
			<ref bean="geedwplpbulkvDataSource1" />
		</property>
	</bean>

	<bean id="plmPartFamAttrService" class="com.geinfra.geaviation.pwi.service.PLMPartFamAttrServiceImpl">
		<property name="plmPartFamAttrDao">
			<ref bean="plmPartFamAttrDao" />
		</property>
	</bean>
	<!-- End of Part Family Attribute Master Report -->
	
	
  <!-- Start of Where Used BOM Data-->
		
	<bean id="plmWhereUsedBOMDao" class="com.geinfra.geaviation.pwi.dao.PLMWhereUsedBOMDaoImpl">
		<property name="dataSource">
			<ref bean="geedwplpbulkvDataSource" />
		</property>
	</bean>
	<bean id="plmWhereUsedBOMService" class="com.geinfra.geaviation.pwi.service.PLMWhereUsedBOMServiceImpl">
		<property name="plmWhereUsedBOMDao">
			<ref bean="plmWhereUsedBOMDao" />
		</property>
	</bean>
<!--  End of Where Used BOM Data  -->
  
<bean id="plmWhereUsedBOMData" class="com.geinfra.geaviation.pwi.data.PLMWhereUsedBOMData">
 </bean>	

  <!-- Thread Processing Configuration -->
  <bean id="taskExecutor" class="org.springframework.scheduling.concurrent.ThreadPoolTaskExecutor">
	  <property name="corePoolSize" value="20" />
	  <property name="maxPoolSize" value="50" />
	  <property name="queueCapacity" value="50" />
	  <property name="keepAliveSeconds" value="600" />
  </bean>
 </beans>