<navigation name="pwi-AppNav">
	<header name="$PWiSystem" page="pwi-Home">
		<link name="$Home" page="pwi-Home" />
		<link name="$QuickIntelligence" page="pwiQuickIntelligence-Home" />
		<link name="$Queries" page="pwiQueries-Home" />
		<link name="$Favorites" page="pwiFavorites-Home" />
		<link name="$Batch" page="pwiBatch-Home" />
		<link name="$History" page="pwiHistory-Home" />
		<link name="$Help" page="pwiHelp-Home"/>
		<link name="$Admin" page="pwiAdmin-Home" />	
	</header>
</navigation>
